選舉區,姓名,性別,參選年齡,推薦之政黨,抽籤號次,公職類別
臺北市第1選舉區,林延鳳,女,40,民主進步黨,1,直轄市議員
臺北市第1選舉區,陳賢蔚,男,45,民主進步黨,2,直轄市議員
臺北市第1選舉區,李光輝,男,60,無,3,直轄市議員
臺北市第1選舉區,林杏兒,女,41,中國國民黨,4,直轄市議員
臺北市第1選舉區,汪志冰,女,65,中國國民黨,5,直轄市議員
臺北市第1選舉區,林世宗,男,63,民主進步黨,6,直轄市議員
臺北市第1選舉區,陳重文,男,45,中國國民黨,7,直轄市議員
臺北市第1選舉區,劉仕傑,男,42,時代力量,8,直轄市議員
臺北市第1選舉區,陳慈慧,女,39,民主進步黨,9,直轄市議員
臺北市第1選舉區,鍾佩玲,女,43,民主進步黨,10,直轄市議員
臺北市第1選舉區,侯漢廷,男,34,新黨,11,直轄市議員
臺北市第1選舉區,郝淑薏,女,52,無,12,直轄市議員
臺北市第1選舉區,黃瀞瑩,女,30,台灣民眾黨,13,直轄市議員
臺北市第1選舉區,林瑞圖,男,66,無,14,直轄市議員
臺北市第1選舉區,陳思宇,女,36,台灣民眾黨,15,直轄市議員
臺北市第1選舉區,張渝江,男,50,無,16,直轄市議員
臺北市第1選舉區,林志穎,男,41,無,17,直轄市議員
臺北市第1選舉區,鄭穎隆,男,49,共和黨,18,直轄市議員
臺北市第1選舉區,王郁揚,男,36,金色力量黨,19,直轄市議員
臺北市第1選舉區,張斯綱,男,51,中國國民黨,20,直轄市議員
臺北市第1選舉區,蘇府庭,男,64,無,21,直轄市議員
臺北市第1選舉區,黃郁芬,女,32,無,22,直轄市議員
臺北市第1選舉區,楊靜宇,男,61,無,23,直轄市議員
臺北市第1選舉區,項豪,男,41,中國國家社會主義勞工黨,24,直轄市議員
臺北市第1選舉區,陳政忠,男,67,無,25,直轄市議員
臺北市第2選舉區,陳志明,男,46,時代力量,1,直轄市議員
臺北市第2選舉區,劉榮之,男,45,新黨,2,直轄市議員
臺北市第2選舉區,江志銘,男,60,民主進步黨,3,直轄市議員
臺北市第2選舉區,李明賢,男,49,中國國民黨,4,直轄市議員
臺北市第2選舉區,吳世正,男,59,中國國民黨,5,直轄市議員
臺北市第2選舉區,王孝維,男,61,民主進步黨,6,直轄市議員
臺北市第2選舉區,陳宥丞,男,36,台灣民眾黨,7,直轄市議員
臺北市第2選舉區,何孟樺,女,33,民主進步黨,8,直轄市議員
臺北市第2選舉區,吳欣岱,女,35,台灣基進,9,直轄市議員
臺北市第2選舉區,李建昌,男,60,民主進步黨,10,直轄市議員
臺北市第2選舉區,闕枚莎,女,50,中國國民黨,11,直轄市議員
臺北市第2選舉區,游淑慧,女,46,中國國民黨,12,直轄市議員
臺北市第2選舉區,李彥秀,女,51,中國國民黨,13,直轄市議員
臺北市第3選舉區,郭榮先,男,43,新黨,1,直轄市議員
臺北市第3選舉區,張文潔,女,38,民主進步黨,2,直轄市議員
臺北市第3選舉區,許家蓓,女,45,民主進步黨,3,直轄市議員
臺北市第3選舉區,吳蕚洋,男,62,無,4,直轄市議員
臺北市第3選舉區,林柏勛,男,39,時代力量,5,直轄市議員
臺北市第3選舉區,楊寶楨,女,33,台灣民眾黨,6,直轄市議員
臺北市第3選舉區,洪士奇,男,60,無,7,直轄市議員
臺北市第3選舉區,秦慧珠,女,67,中國國民黨,8,直轄市議員
臺北市第3選舉區,詹為元,男,39,中國國民黨,9,直轄市議員
臺北市第3選舉區,高毓安,男,29,無,10,直轄市議員
臺北市第3選舉區,徐巧芯,女,33,中國國民黨,11,直轄市議員
臺北市第3選舉區,戴錫欽,男,56,中國國民黨,12,直轄市議員
臺北市第3選舉區,許淑華,女,49,民主進步黨,13,直轄市議員
臺北市第3選舉區,王鴻薇,女,58,中國國民黨,14,直轄市議員
臺北市第3選舉區,吳崢,男,33,無,15,直轄市議員
臺北市第3選舉區,洪健益,男,52,民主進步黨,16,直轄市議員
臺北市第4選舉區,陳怡君,女,43,民主進步黨,1,直轄市議員
臺北市第4選舉區,高世俊,男,36,中國國民黨,2,直轄市議員
臺北市第4選舉區,林婕麗,女,56,新黨,3,直轄市議員
臺北市第4選舉區,林亮君,女,33,無,4,直轄市議員
臺北市第4選舉區,陳炳甫,男,51,中國國民黨,5,直轄市議員
臺北市第4選舉區,王世堅,男,62,民主進步黨,6,直轄市議員
臺北市第4選舉區,連紹傑,男,37,小民參政歐巴桑聯盟,7,直轄市議員
臺北市第4選舉區,柳采葳,女,32,中國國民黨,8,直轄市議員
臺北市第4選舉區,葉林傳,男,53,中國國民黨,9,直轄市議員
臺北市第4選舉區,顏若芳,女,37,民主進步黨,10,直轄市議員
臺北市第4選舉區,徐千淳,女,36,時代力量,11,直轄市議員
臺北市第4選舉區,梁文傑,男,51,民主進步黨,12,直轄市議員
臺北市第4選舉區,林珍羽,女,35,台灣民眾黨,13,直轄市議員
臺北市第5選舉區,劉耀仁,男,54,民主進步黨,1,直轄市議員
臺北市第5選舉區,郭智亭,男,42,無,2,直轄市議員
臺北市第5選舉區,鍾小平,男,60,中國國民黨,3,直轄市議員
臺北市第5選舉區,吳沛憶,女,35,民主進步黨,4,直轄市議員
臺北市第5選舉區,徐立信,男,47,無,5,直轄市議員
臺北市第5選舉區,吳志剛,男,51,中國國民黨,6,直轄市議員
臺北市第5選舉區,曾琳詒,女,31,台灣動物保護黨,7,直轄市議員
臺北市第5選舉區,吳怡萱,女,33,台灣民眾黨,8,直轄市議員
臺北市第5選舉區,邵維倫,男,40,民主進步黨,9,直轄市議員
臺北市第5選舉區,李有宜,女,32,無,10,直轄市議員
臺北市第5選舉區,張榮法,男,50,新黨,11,直轄市議員
臺北市第5選舉區,應曉薇,女,58,中國國民黨,12,直轄市議員
臺北市第5選舉區,李菁琪,女,34,綠黨,13,直轄市議員
臺北市第5選舉區,王麒傑,男,32,無,14,直轄市議員
臺北市第5選舉區,陳樹霖,男,70,無,15,直轄市議員
臺北市第5選舉區,郭昭巖,女,53,中國國民黨,16,直轄市議員
臺北市第5選舉區,洪婉臻,女,39,民主進步黨,17,直轄市議員
臺北市第5選舉區,呂增塔,男,58,無,18,直轄市議員
臺北市第6選舉區,張幸松,男,64,台灣民眾黨,1,直轄市議員
臺北市第6選舉區,張四維,男,68,無,2,直轄市議員
臺北市第6選舉區,林泓泰,男,32,時代力量,3,直轄市議員
臺北市第6選舉區,曾獻瑩,男,46,無,4,直轄市議員
臺北市第6選舉區,王閔生,男,47,民主進步黨,5,直轄市議員
臺北市第6選舉區,華珮君,女,34,台灣動物保護黨,6,直轄市議員
臺北市第6選舉區,鄭淑娟,女,43,無,7,直轄市議員
臺北市第6選舉區,詹晉鑒,男,40,民主進步黨,8,直轄市議員
臺北市第6選舉區,高揚凱,男,38,中國國民黨,9,直轄市議員
臺北市第6選舉區,李柏毅,男,41,中國國民黨,10,直轄市議員
臺北市第6選舉區,蘇恆,女,37,無,11,直轄市議員
臺北市第6選舉區,林岳龍,男,41,新黨,12,直轄市議員
臺北市第6選舉區,趙怡翔,男,34,民主進步黨,13,直轄市議員
臺北市第6選舉區,張志豪,男,50,台灣民眾黨,14,直轄市議員
臺北市第6選舉區,鍾沛君,女,38,中國國民黨,15,直轄市議員
臺北市第6選舉區,徐正文,男,56,無,16,直轄市議員
臺北市第6選舉區,徐弘庭,男,40,中國國民黨,17,直轄市議員
臺北市第6選舉區,王欣儀,女,52,中國國民黨,18,直轄市議員
臺北市第6選舉區,苗博雅,女,35,社會民主黨,19,直轄市議員
臺北市第6選舉區,陳錦祥,男,63,中國國民黨,20,直轄市議員
臺北市第6選舉區,林穎孟,女,39,無,21,直轄市議員
臺北市第6選舉區,簡舒培,女,45,民主進步黨,22,直轄市議員
臺北市第6選舉區,林元敏,男,47,無,23,直轄市議員
臺北市第6選舉區,鄭建炘,男,47,臺灣人民共產黨,24,直轄市議員
臺北市第6選舉區,耿葳,女,32,中國國民黨,25,直轄市議員
臺北市第6選舉區,楊植斗,男,30,中國國民黨,26,直轄市議員
臺北市第6選舉區,陳聖文,男,24,民主進步黨,27,直轄市議員
臺北市第7選舉區,吳郁瑾 Sawmah Kawlo,女,38,民主進步黨,1,直轄市議員
臺北市第7選舉區,李芳儒,男,53,中國國民黨,2,直轄市議員
臺北市第8選舉區,李傅中武,男,49,中國國民黨,1,直轄市議員
臺北市第8選舉區,陳慧君 Mulas．Ismahasan,女,37,民主進步黨,2,直轄市議員
臺北市第8選舉區,高為人Sayun Watan,女,31,無,3,直轄市議員
新北市第1選舉區,鄭宇恩,女,36,民主進步黨,1,直轄市議員
新北市第1選舉區,陳偉杰,男,44,中國國民黨,2,直轄市議員
新北市第1選舉區,彭莉惠,女,46,民主進步黨,3,直轄市議員
新北市第1選舉區,陳靜儀,女,54,台灣民眾黨,4,直轄市議員
新北市第1選舉區,陳家琪,女,45,中國國民黨,5,直轄市議員
新北市第1選舉區,蔡錦賢,男,73,無黨團結聯盟,6,直轄市議員
新北市第2選舉區,李宇翔,男,30,民主進步黨,1,直轄市議員
新北市第2選舉區,郭原佑,男,26,無,2,直轄市議員
新北市第2選舉區,蔡淑君,女,52,中國國民黨,3,直轄市議員
新北市第2選舉區,董俊宏,男,53,台灣基進,4,直轄市議員
新北市第2選舉區,陳明義,男,55,中國國民黨,5,直轄市議員
新北市第2選舉區,宋明宗,男,55,中國國民黨,6,直轄市議員
新北市第2選舉區,賴秋媚,女,59,民主進步黨,7,直轄市議員
新北市第2選舉區,黃琦翔,男,46,台灣民眾黨,8,直轄市議員
新北市第3選舉區,張志宏,男,53,無,1,直轄市議員
新北市第3選舉區,黃聖超,男,52,中國國民黨,2,直轄市議員
新北市第3選舉區,陳炫銘,男,48,無,3,直轄市議員
新北市第3選舉區,邱吉均,男,64,無,4,直轄市議員
新北市第3選舉區,許明偉,男,41,無,6,直轄市議員
新北市第3選舉區,郭岱軒,男,38,無,7,直轄市議員
新北市第3選舉區,陳世軒,男,27,台灣民眾黨,8,直轄市議員
新北市第3選舉區,蔡健棠,男,59,中國國民黨,9,直轄市議員
新北市第3選舉區,林秉宥,男,39,民主進步黨,10,直轄市議員
新北市第3選舉區,何語蓉,女,45,小民參政歐巴桑聯盟,11,直轄市議員
新北市第3選舉區,蔣根煌,男,59,中國國民黨,12,直轄市議員
新北市第3選舉區,陳科名,男,52,無,13,直轄市議員
新北市第3選舉區,翁震州,男,36,民主進步黨,14,直轄市議員
新北市第3選舉區,鍾宏仁,男,65,民主進步黨,15,直轄市議員
新北市第3選舉區,吳香君,女,31,時代力量,16,直轄市議員
新北市第3選舉區,陳吉,男,54,無,17,直轄市議員
新北市第3選舉區,戴湘儀,女,31,中國國民黨,18,直轄市議員
新北市第4選舉區,陳啟能,男,63,民主進步黨,1,直轄市議員
新北市第4選舉區,王威元,男,41,中國國民黨,2,直轄市議員
新北市第4選舉區,陳俊霖,男,40,台灣民眾黨,3,直轄市議員
新北市第4選舉區,李余典,男,64,民主進步黨,4,直轄市議員
新北市第4選舉區,陳宛毓,女,34,小民參政歐巴桑聯盟,5,直轄市議員
新北市第4選舉區,黃桂蘭,女,65,中國國民黨,6,直轄市議員
新北市第4選舉區,邱婷蔚,女,42,民主進步黨,7,直轄市議員
新北市第4選舉區,彭佳芸,女,40,民主進步黨,8,直轄市議員
新北市第4選舉區,李倩萍,女,52,民主進步黨,9,直轄市議員
新北市第4選舉區,李翁月娥,女,64,無,10,直轄市議員
新北市第4選舉區,林鼎超,男,40,中國國民黨,11,直轄市議員
新北市第4選舉區,顏蔚慈,女,36,民主進步黨,12,直轄市議員
新北市第4選舉區,吳訓孝,男,33,中國國民黨,13,直轄市議員
新北市第4選舉區,王景弘,男,36,時代力量,14,直轄市議員
新北市第4選舉區,董俊良,男,52,新黨,15,直轄市議員
新北市第5選舉區,林國春,男,54,中國國民黨,1,直轄市議員
新北市第5選舉區,劉美芳,女,44,中國國民黨,2,直轄市議員
新北市第5選舉區,曾煥嘉,男,46,中國國民黨,3,直轄市議員
新北市第5選舉區,吳達偉,男,38,台灣民眾黨,4,直轄市議員
新北市第5選舉區,王淑慧,女,67,無,5,直轄市議員
新北市第5選舉區,戴瑋姗,女,32,民主進步黨,6,直轄市議員
新北市第5選舉區,彭盛韶,男,38,時代力量,7,直轄市議員
新北市第5選舉區,周勝考,男,66,中國國民黨,8,直轄市議員
新北市第5選舉區,顏維勲,男,43,無,9,直轄市議員
新北市第5選舉區,張淑惠,女,51,小民參政歐巴桑聯盟,10,直轄市議員
新北市第5選舉區,李婉鈺,女,50,無,11,直轄市議員
新北市第5選舉區,郭柏成,男,55,無,12,直轄市議員
新北市第5選舉區,陳玉鳳,女,50,中國和平統一黨,13,直轄市議員
新北市第5選舉區,葉元之,男,48,中國國民黨,14,直轄市議員
新北市第5選舉區,山田摩衣,女,32,民主進步黨,15,直轄市議員
新北市第5選舉區,黃俊哲,男,44,民主進步黨,16,直轄市議員
新北市第5選舉區,阮橋本,男,52,無,17,直轄市議員
新北市第5選舉區,黃淑君,女,33,民主進步黨,18,直轄市議員
新北市第5選舉區,張家維,男,49,無,19,直轄市議員
新北市第5選舉區,廖裕德,男,71,無黨團結聯盟,20,直轄市議員
新北市第5選舉區,石一佑,女,56,民主進步黨,21,直轄市議員
新北市第6選舉區,蔡明璋,男,57,新黨,1,直轄市議員
新北市第6選舉區,陳逸展,男,39,無,2,直轄市議員
新北市第6選舉區,邱烽堯,男,49,中國國民黨,3,直轄市議員
新北市第6選舉區,金瑞龍,男,53,中國國民黨,4,直轄市議員
新北市第6選舉區,李正皓,男,38,無,5,直轄市議員
新北市第6選舉區,游輝宂,男,39,中國國民黨,6,直轄市議員
新北市第6選舉區,陳錦錠,女,68,中國國民黨,7,直轄市議員
新北市第6選舉區,張維倩,女,37,民主進步黨,8,直轄市議員
新北市第6選舉區,張嘉玲,女,47,民主進步黨,9,直轄市議員
新北市第6選舉區,張志豪,男,41,民主進步黨,10,直轄市議員
新北市第6選舉區,王如意,女,44,台灣民眾黨,11,直轄市議員
新北市第7選舉區,陳鴻源,男,55,中國國民黨,1,直轄市議員
新北市第7選舉區,連斐璠,女,63,中國國民黨,2,直轄市議員
新北市第7選舉區,蕭蒼澤,男,57,台灣維新,3,直轄市議員
新北市第7選舉區,羅文崇,男,58,民主進步黨,4,直轄市議員
新北市第7選舉區,許昭興,女,51,民主進步黨,5,直轄市議員
新北市第8選舉區,彭一書,男,41,民主進步黨,1,直轄市議員
新北市第8選舉區,江怡臻,女,40,中國國民黨,2,直轄市議員
新北市第8選舉區,黃永昌,男,60,中國國民黨,3,直轄市議員
新北市第8選舉區,王正,男,37,勞動黨,4,直轄市議員
新北市第8選舉區,張昭隆,男,56,台灣民眾黨,5,直轄市議員
新北市第8選舉區,洪佳君,女,45,中國國民黨,6,直轄市議員
新北市第8選舉區,蘇泓欽,男,43,無,7,直轄市議員
新北市第8選舉區,曾進益,男,58,民主進步黨,8,直轄市議員
新北市第8選舉區,歐金獅,男,70,無,9,直轄市議員
新北市第8選舉區,高乃芸,女,29,民主進步黨,10,直轄市議員
新北市第8選舉區,廖宜琨,男,40,民主進步黨,11,直轄市議員
新北市第8選舉區,呂家愷,男,33,中國國民黨,12,直轄市議員
新北市第8選舉區,陳世榮,男,65,無,13,直轄市議員
新北市第8選舉區,林金結,男,54,中國國民黨,14,直轄市議員
新北市第8選舉區,林銘仁,男,62,民主進步黨,15,直轄市議員
新北市第8選舉區,簡元泰,男,43,無,16,直轄市議員
新北市第8選舉區,卓冠廷,男,36,民主進步黨,17,直轄市議員
新北市第9選舉區,陳乃瑜,女,40,民主進步黨,1,直轄市議員
新北市第9選舉區,陳儀君,女,49,中國國民黨,2,直轄市議員
新北市第9選舉區,張凱鈞,男,45,台灣民眾黨,3,直轄市議員
新北市第9選舉區,陳永福,男,64,民主進步黨,4,直轄市議員
新北市第9選舉區,黃心華,男,46,中國國民黨,5,直轄市議員
新北市第9選舉區,劉哲彰,男,50,中國國民黨,6,直轄市議員
新北市第10選舉區,蕭敬嚴,男,30,中國國民黨,1,直轄市議員
新北市第10選舉區,林裔綺,女,54,民主進步黨,2,直轄市議員
新北市第11選舉區,彭立信,男,49,台灣民眾黨,1,直轄市議員
新北市第11選舉區,周雅玲,女,54,民主進步黨,2,直轄市議員
新北市第11選舉區,廖先翔,男,34,中國國民黨,3,直轄市議員
新北市第11選舉區,白珮茹,女,47,中國國民黨,4,直轄市議員
新北市第11選舉區,黃瑞傳,男,72,無,5,直轄市議員
新北市第11選舉區,張錦豪,男,43,民主進步黨,6,直轄市議員
新北市第12選舉區,達佶祐．卡造Takiyo．Kacaw,男,53,台灣民眾黨,1,直轄市議員
新北市第12選舉區,吳國譽La．Is．Amid,男,41,中國國民黨,2,直轄市議員
新北市第12選舉區,宋雨蓁Nikar．Falong,女,41,無,3,直轄市議員
新北市第12選舉區,藞妏．尼卡兒,女,56,無,4,直轄市議員
新北市第12選舉區,楊春妹,女,61,中國國民黨,5,直轄市議員
新北市第12選舉區,蘇錦雄Paylang．Caya,男,58,民主進步黨,6,直轄市議員
新北市第12選舉區,楊曉君,女,50,無,7,直轄市議員
新北市第12選舉區,林霈宸,女,50,新黨,8,直轄市議員
新北市第13選舉區,楊萬金,男,65,無,1,直轄市議員
新北市第13選舉區,馬見Lahuy．Ipin,男,30,無黨團結聯盟,2,直轄市議員
新北市第13選舉區,林家豪,男,39,台灣民眾黨,3,直轄市議員
新北市第13選舉區,何應明,男,53,中國國民黨,4,直轄市議員
桃園市第1選舉區,藍士博,男,40,台灣基進,1,直轄市議員
桃園市第1選舉區,黃成峻,男,44,台灣民眾黨,2,直轄市議員
桃園市第1選舉區,簡智翔,男,42,時代力量,3,直轄市議員
桃園市第1選舉區,袁慧心,女,57,無,4,直轄市議員
桃園市第1選舉區,黃婉如,女,68,中國國民黨,5,直轄市議員
桃園市第1選舉區,凌濤,男,33,中國國民黨,6,直轄市議員
桃園市第1選舉區,林政賢,男,63,中國國民黨,7,直轄市議員
桃園市第1選舉區,連俊男,男,39,無,8,直轄市議員
桃園市第1選舉區,詹江村,男,59,中國國民黨,9,直轄市議員
桃園市第1選舉區,朱智菁,女,42,民主進步黨,10,直轄市議員
桃園市第1選舉區,彭沛妤,女,34,無,11,直轄市議員
桃園市第1選舉區,黃進仕,男,49,無,12,直轄市議員
桃園市第1選舉區,呂儀恬,女,34,無,13,直轄市議員
桃園市第1選舉區,余信憲,男,33,民主進步黨,14,直轄市議員
桃園市第1選舉區,于北辰,男,54,無,15,直轄市議員
桃園市第1選舉區,陳美梅,女,48,中國國民黨,16,直轄市議員
桃園市第1選舉區,李光達,男,56,民主進步黨,17,直轄市議員
桃園市第1選舉區,沈佩玲,女,43,小民參政歐巴桑聯盟,18,直轄市議員
桃園市第1選舉區,黃家齊,男,32,民主進步黨,19,直轄市議員
桃園市第1選舉區,陳品杰,男,47,無,20,直轄市議員
桃園市第1選舉區,李曉鐘,男,63,中國國民黨,21,直轄市議員
桃園市第1選舉區,李柏瑟,女,60,民主進步黨,22,直轄市議員
桃園市第1選舉區,張凱翔,男,46,無,23,直轄市議員
桃園市第1選舉區,羅岳峰,男,36,無,24,直轄市議員
桃園市第1選舉區,官正平,男,52,無,25,直轄市議員
桃園市第1選舉區,黃瓊慧,女,38,民主進步黨,26,直轄市議員
桃園市第1選舉區,張碩芳,女,38,中國國民黨,27,直轄市議員
桃園市第2選舉區,陳葦澤,男,25,時代力量,1,直轄市議員
桃園市第2選舉區,簡僑亨,男,45,台灣民眾黨,2,直轄市議員
桃園市第2選舉區,李宗豪,男,29,民主進步黨,3,直轄市議員
桃園市第2選舉區,牛煦庭,男,32,無,4,直轄市議員
桃園市第2選舉區,黃偉群,男,45,無,5,直轄市議員
桃園市第2選舉區,孫韻璇,女,43,中國國民黨,6,直轄市議員
桃園市第2選舉區,陳雅倫,女,31,民主進步黨,7,直轄市議員
桃園市第2選舉區,林明義,男,54,中國國民黨,8,直轄市議員
桃園市第2選舉區,陳泓維,男,35,無,9,直轄市議員
桃園市第3選舉區,許家睿,男,33,民主進步黨,1,直轄市議員
桃園市第3選舉區,楊朝偉,男,55,中國國民黨,2,直轄市議員
桃園市第3選舉區,伍世文,男,52,無,3,直轄市議員
桃園市第3選舉區,呂宇晟,男,33,時代力量,4,直轄市議員
桃園市第3選舉區,段樹文,男,59,無,5,直轄市議員
桃園市第3選舉區,呂林小鳳,女,58,民主進步黨,6,直轄市議員
桃園市第3選舉區,朱珍瑤,女,39,中國國民黨,7,直轄市議員
桃園市第3選舉區,蔡永芳,男,51,民主進步黨,8,直轄市議員
桃園市第3選舉區,張碩芬,女,42,中國國民黨,9,直轄市議員
桃園市第3選舉區,趙宏勳,男,52,無,10,直轄市議員
桃園市第3選舉區,邱述文,男,38,無,11,直轄市議員
桃園市第4選舉區,余適霖,男,59,無,1,直轄市議員
桃園市第4選舉區,郭麗華,女,57,民主進步黨,2,直轄市議員
桃園市第4選舉區,張桂綿,女,47,中國國民黨,3,直轄市議員
桃園市第4選舉區,黃國晏,男,41,台灣民眾黨,4,直轄市議員
桃園市第4選舉區,林志評,男,49,無,5,直轄市議員
桃園市第4選舉區,許清順,男,57,民主進步黨,6,直轄市議員
桃園市第4選舉區,林宥辰,男,42,無,7,直轄市議員
桃園市第4選舉區,徐鈺雯,女,42,時代力量,8,直轄市議員
桃園市第4選舉區,錢龍,男,31,中國國民黨,9,直轄市議員
桃園市第4選舉區,劉勝全,男,53,民主進步黨,10,直轄市議員
桃園市第5選舉區,林清松,男,67,無,1,直轄市議員
桃園市第5選舉區,徐其萬,男,64,中國國民黨,2,直轄市議員
桃園市第5選舉區,游吾和,男,59,民主進步黨,3,直轄市議員
桃園市第6選舉區,陳治文,女,52,民主進步黨,1,直轄市議員
桃園市第6選舉區,李柏坊,男,64,中國國民黨,2,直轄市議員
桃園市第6選舉區,徐慈檉,男,28,台灣民眾黨,3,直轄市議員
桃園市第7選舉區,徐景文,男,60,民主進步黨,1,直轄市議員
桃園市第7選舉區,謝美英,女,52,無,2,直轄市議員
桃園市第7選舉區,謝克洋,男,29,中國國民黨,3,直轄市議員
桃園市第7選舉區,劉曾玉春,女,68,無,4,直轄市議員
桃園市第7選舉區,彭俊豪,男,40,民主進步黨,5,直轄市議員
桃園市第7選舉區,黃柏儒,男,27,無,6,直轄市議員
桃園市第7選舉區,李荳芽,女,44,小民參政歐巴桑聯盟,7,直轄市議員
桃園市第7選舉區,林佳瑋,女,36,時代力量,8,直轄市議員
桃園市第7選舉區,張曉昀,女,35,民主進步黨,9,直轄市議員
桃園市第7選舉區,黃崇真,男,40,民主進步黨,10,直轄市議員
桃園市第7選舉區,吳正吉,男,51,無,11,直轄市議員
桃園市第7選舉區,邱仁德,男,51,無,12,直轄市議員
桃園市第7選舉區,葉明月,女,62,中國國民黨,13,直轄市議員
桃園市第7選舉區,邱奕勝,男,62,中國國民黨,14,直轄市議員
桃園市第7選舉區,吳嘉和,男,59,中國國民黨,15,直轄市議員
桃園市第7選舉區,簡維成,男,41,無,16,直轄市議員
桃園市第7選舉區,魏筠,女,42,民主進步黨,17,直轄市議員
桃園市第7選舉區,楊翊堂,男,52,無,18,直轄市議員
桃園市第7選舉區,游智彬,男,39,新黨,19,直轄市議員
桃園市第7選舉區,毛嘉慶,男,46,無,20,直轄市議員
桃園市第7選舉區,劉安祺,男,51,中國國民黨,21,直轄市議員
桃園市第7選舉區,林昭印,男,35,台灣民眾黨,22,直轄市議員
桃園市第7選舉區,梁為超,男,48,中國國民黨,23,直轄市議員
桃園市第8選舉區,劉邦鉉,男,54,無,1,直轄市議員
桃園市第8選舉區,朱哲成,男,33,時代力量,2,直轄市議員
桃園市第8選舉區,黃敬平,男,49,中國國民黨,3,直轄市議員
桃園市第8選舉區,高宇彥,男,50,無,4,直轄市議員
桃園市第8選舉區,黃永欽,男,32,綠黨,5,直轄市議員
桃園市第8選舉區,曾姸潔,女,43,台灣民眾黨,6,直轄市議員
桃園市第8選舉區,楊家俍,男,42,民主進步黨,7,直轄市議員
桃園市第8選舉區,舒翠玲,女,58,中國國民黨,8,直轄市議員
桃園市第8選舉區,劉仁照,男,41,民主進步黨,9,直轄市議員
桃園市第8選舉區,陳韋曄,男,33,中國國民黨,10,直轄市議員
桃園市第8選舉區,陳羽凡,女,44,中國國民黨,11,直轄市議員
桃園市第8選舉區,王珮毓,女,40,民主進步黨,12,直轄市議員
桃園市第9選舉區,蕭立妍,女,43,民主進步黨,1,直轄市議員
桃園市第9選舉區,周玉琴,女,64,中國國民黨,2,直轄市議員
桃園市第9選舉區,涂權吉,男,52,中國國民黨,3,直轄市議員
桃園市第9選舉區,張清俊,男,37,台灣民眾黨,4,直轄市議員
桃園市第9選舉區,鄭淑方,女,50,民主進步黨,5,直轄市議員
桃園市第9選舉區,李家興,男,65,無,6,直轄市議員
桃園市第10選舉區,劉熒隆,男,49,中國國民黨,1,直轄市議員
桃園市第10選舉區,林昭賢,男,44,中國國民黨,2,直轄市議員
桃園市第10選舉區,劉哲夫,男,41,無,3,直轄市議員
桃園市第10選舉區,徐玉樹,男,58,中國國民黨,4,直轄市議員
桃園市第10選舉區,張肇良,男,58,民主進步黨,5,直轄市議員
桃園市第11選舉區,邱文威,男,28,無,1,直轄市議員
桃園市第11選舉區,陳睿生,男,41,民主進步黨,2,直轄市議員
桃園市第12選舉區,許更生,男,43,無,1,直轄市議員
桃園市第12選舉區,江承洲,男,37,無,2,直轄市議員
桃園市第12選舉區,吳宗憲,男,63,民主進步黨,3,直轄市議員
桃園市第12選舉區,吳進昌,男,57,中國國民黨,4,直轄市議員
桃園市第12選舉區,郭蔡美英,女,69,民主進步黨,5,直轄市議員
桃園市第12選舉區,戴兆華,男,42,無,6,直轄市議員
桃園市第13選舉區,林志強,男,48,民主進步黨,1,直轄市議員
桃園市第13選舉區,楊進福,男,65,無,2,直轄市議員
桃園市第13選舉區,張秀菊,女,57,無,3,直轄市議員
桃園市第13選舉區,林春蘭,女,52,親民黨,4,直轄市議員
桃園市第13選舉區,王仙蓮,女,56,中國國民黨,5,直轄市議員
桃園市第13選舉區,陳姿伶 Amuy．Muwakay,女,62,中國國民黨,6,直轄市議員
桃園市第13選舉區,蔡惠蘭,女,49,台灣維新,7,直轄市議員
桃園市第14選舉區,歐蜜．偉浪,男,59,無,1,直轄市議員
桃園市第14選舉區,周星文,男,58,無,2,直轄市議員
桃園市第14選舉區,蘇偉恩,男,27,無,3,直轄市議員
桃園市第14選舉區,邱志成,男,49,民主進步黨,4,直轄市議員
桃園市第14選舉區,簡志偉,男,44,中國國民黨,5,直轄市議員
桃園市第14選舉區,湯宏鈞,男,31,無,6,直轄市議員
桃園市第14選舉區,陳瑛,女,55,中國國民黨,7,直轄市議員
臺中市第1選舉區,李文傑,男,46,中國國民黨,1,直轄市議員
臺中市第1選舉區,施志昌,男,38,民主進步黨,2,直轄市議員
臺中市第1選舉區,楊啓邦,男,43,中國國民黨,3,直轄市議員
臺中市第1選舉區,吳敏濟,男,66,民主進步黨,4,直轄市議員
臺中市第2選舉區,陳廷秀,男,61,無,1,直轄市議員
臺中市第2選舉區,陳怡萱,女,33,小民參政歐巴桑聯盟,2,直轄市議員
臺中市第2選舉區,尤碧鈴,女,73,無,3,直轄市議員
臺中市第2選舉區,王立任,男,53,民主進步黨,4,直轄市議員
臺中市第2選舉區,張清照,男,59,中國國民黨,5,直轄市議員
臺中市第2選舉區,楊典忠,男,62,民主進步黨,6,直轄市議員
臺中市第2選舉區,紀金豐,男,65,無,7,直轄市議員
臺中市第2選舉區,顏莉敏,女,38,中國國民黨,8,直轄市議員
臺中市第2選舉區,陳奇勲,男,70,無,9,直轄市議員
臺中市第3選舉區,林昊佑,男,29,無,1,直轄市議員
臺中市第3選舉區,曾威,男,36,民主進步黨,2,直轄市議員
臺中市第3選舉區,林孟令,男,49,無,3,直轄市議員
臺中市第3選舉區,宋柏誼,男,39,無,4,直轄市議員
臺中市第3選舉區,張家銨,女,39,民主進步黨,5,直轄市議員
臺中市第3選舉區,陳玄曄,男,43,無,6,直轄市議員
臺中市第3選舉區,魏嘉慶,男,49,台灣民眾黨,7,直轄市議員
臺中市第3選舉區,楊文元,男,42,無,8,直轄市議員
臺中市第3選舉區,吳瓊華,女,53,中國國民黨,9,直轄市議員
臺中市第4選舉區,陳若庭,女,37,台灣基進,1,直轄市議員
臺中市第4選舉區,陳本添,男,65,中國國民黨,2,直轄市議員
臺中市第4選舉區,張瀞分,女,79,中國國民黨,3,直轄市議員
臺中市第4選舉區,廖芝晏,女,33,民主進步黨,4,直轄市議員
臺中市第4選舉區,翁美春,女,59,無,5,直轄市議員
臺中市第4選舉區,謝志忠,男,53,民主進步黨,6,直轄市議員
臺中市第4選舉區,邱愛珊,女,46,中國國民黨,7,直轄市議員
臺中市第4選舉區,傅智恒,男,35,時代力量,8,直轄市議員
臺中市第4選舉區,黃朝淵,男,49,無,9,直轄市議員
臺中市第4選舉區,陳清龍,男,57,無,10,直轄市議員
臺中市第4選舉區,蔡怡萱,女,27,無,11,直轄市議員
臺中市第5選舉區,黃威堯,男,44,無,1,直轄市議員
臺中市第5選舉區,蕭隆澤,男,62,民主進步黨,2,直轄市議員
臺中市第5選舉區,周永鴻,男,49,民主進步黨,3,直轄市議員
臺中市第5選舉區,徐瑄灃,女,34,無,4,直轄市議員
臺中市第5選舉區,林義偉,男,38,民主進步黨,5,直轄市議員
臺中市第5選舉區,鄭勁節,男,27,時代力量,6,直轄市議員
臺中市第5選舉區,邢振華,男,54,無,7,直轄市議員
臺中市第5選舉區,羅永珍,女,70,中國國民黨,8,直轄市議員
臺中市第5選舉區,賴朝國,男,59,中國國民黨,9,直轄市議員
臺中市第5選舉區,黃郁芩,女,41,小民參政歐巴桑聯盟,10,直轄市議員
臺中市第5選舉區,吳呈賢,男,38,中國國民黨,11,直轄市議員
臺中市第5選舉區,張睿倉,男,38,台灣民眾黨,12,直轄市議員
臺中市第6選舉區,羅東霖,男,63,無,1,直轄市議員
臺中市第6選舉區,黃馨慧,女,66,中國國民黨,2,直轄市議員
臺中市第6選舉區,林祈烽,男,49,民主進步黨,3,直轄市議員
臺中市第6選舉區,陳淑華,女,52,民主進步黨,4,直轄市議員
臺中市第6選舉區,張廖乃綸,女,44,中國國民黨,5,直轄市議員
臺中市第6選舉區,楊大鋐,男,36,中國國民黨,6,直轄市議員
臺中市第6選舉區,曾崇芳,男,53,無,7,直轄市議員
臺中市第6選舉區,張仲翹,男,40,台灣民眾黨,8,直轄市議員
臺中市第7選舉區,吳佩芸,女,30,時代力量,1,直轄市議員
臺中市第7選舉區,何坤鑫,男,54,無,2,直轄市議員
臺中市第7選舉區,張耀中,男,61,民主進步黨,3,直轄市議員
臺中市第7選舉區,何文海,男,64,民主進步黨,4,直轄市議員
臺中市第7選舉區,劉士州,男,60,中國國民黨,5,直轄市議員
臺中市第7選舉區,洪鑫任,男,34,台灣民眾黨,6,直轄市議員
臺中市第7選舉區,朱暖英,女,57,中國國民黨,7,直轄市議員
臺中市第8選舉區,沈佑蓮,女,63,中國國民黨,1,直轄市議員
臺中市第8選舉區,陳成添,男,59,中國國民黨,2,直轄市議員
臺中市第8選舉區,曾朝榮,男,61,民主進步黨,3,直轄市議員
臺中市第8選舉區,李文基,男,51,無,4,直轄市議員
臺中市第8選舉區,邱于珊,女,60,台灣民眾黨,5,直轄市議員
臺中市第8選舉區,謝家宜,女,42,民主進步黨,6,直轄市議員
臺中市第8選舉區,彭振芳,男,58,前進黨,7,直轄市議員
臺中市第8選舉區,黃健豪,男,34,中國國民黨,8,直轄市議員
臺中市第8選舉區,賴順仁,男,53,中國國民黨,9,直轄市議員
臺中市第8選舉區,蔡雅玲,女,45,民主進步黨,10,直轄市議員
臺中市第8選舉區,段體佩,男,58,無,11,直轄市議員
臺中市第8選舉區,楊欣怡,女,40,台灣基進,12,直轄市議員
臺中市第9選舉區,陳政顯,男,59,中國國民黨,1,直轄市議員
臺中市第9選舉區,賴佳微,女,40,民主進步黨,2,直轄市議員
臺中市第9選舉區,陳文政,男,48,中國國民黨,3,直轄市議員
臺中市第9選舉區,林欣德,男,46,台灣民眾黨,4,直轄市議員
臺中市第9選舉區,陳俞融,女,32,民主進步黨,5,直轄市議員
臺中市第10選舉區,紀文清,男,70,無,1,直轄市議員
臺中市第10選舉區,林京玲,女,32,無,2,直轄市議員
臺中市第10選舉區,黃守達,男,34,民主進步黨,3,直轄市議員
臺中市第10選舉區,江肇國,男,45,民主進步黨,4,直轄市議員
臺中市第10選舉區,黃敬傑,男,32,無,5,直轄市議員
臺中市第10選舉區,張彥彤,男,36,中國國民黨,6,直轄市議員
臺中市第10選舉區,許瑞宏,男,48,台灣民眾黨,7,直轄市議員
臺中市第11選舉區,何昆霖,男,38,民主進步黨,1,直轄市議員
臺中市第11選舉區,張鈺偵,女,39,小民參政歐巴桑聯盟,2,直轄市議員
臺中市第11選舉區,徐小媚,女,43,時代力量,3,直轄市議員
臺中市第11選舉區,翁俊楠,男,54,無,4,直轄市議員
臺中市第11選舉區,林文仲,男,52,無,5,直轄市議員
臺中市第11選舉區,羅廷瑋,男,33,中國國民黨,6,直轄市議員
臺中市第11選舉區,李中,男,63,中國國民黨,7,直轄市議員
臺中市第11選舉區,陳雅惠,女,42,民主進步黨,8,直轄市議員
臺中市第11選舉區,林俊凱,男,28,台灣民眾黨,9,直轄市議員
臺中市第11選舉區,林霈涵,女,58,中國國民黨,10,直轄市議員
臺中市第11選舉區,鄭功進,男,61,民主進步黨,11,直轄市議員
臺中市第12選舉區,張玉嬿,女,41,民主進步黨,1,直轄市議員
臺中市第12選舉區,吳吉森,男,65,無,2,直轄市議員
臺中市第12選舉區,賴義鍠,男,55,中國國民黨,3,直轄市議員
臺中市第12選舉區,林宜蓁,女,26,台灣基進,4,直轄市議員
臺中市第12選舉區,葉諾凡,男,40,台灣民眾黨,5,直轄市議員
臺中市第12選舉區,蔡耀頡,男,32,民主進步黨,6,直轄市議員
臺中市第12選舉區,黃佳恬,女,42,中國國民黨,7,直轄市議員
臺中市第13選舉區,林碧秀,女,67,中國國民黨,1,直轄市議員
臺中市第13選舉區,張芬郁,女,64,民主進步黨,2,直轄市議員
臺中市第13選舉區,薛安琪,女,42,小民參政歐巴桑聯盟,3,直轄市議員
臺中市第13選舉區,楊偉浚,男,32,無,4,直轄市議員
臺中市第13選舉區,段中仁,男,34,無,5,直轄市議員
臺中市第13選舉區,林德宇,男,43,民主進步黨,6,直轄市議員
臺中市第13選舉區,江和樹,男,41,台灣民眾黨,7,直轄市議員
臺中市第13選舉區,張滄沂,男,63,無,8,直轄市議員
臺中市第13選舉區,蘇柏興,男,49,中國國民黨,9,直轄市議員
臺中市第13選舉區,鄒明諺,男,27,時代力量,10,直轄市議員
臺中市第13選舉區,林子傑,男,53,無,11,直轄市議員
臺中市第13選舉區,鄭伯其,男,44,中國國民黨,12,直轄市議員
臺中市第13選舉區,陳裕承,男,54,無,13,直轄市議員
臺中市第13選舉區,李天生,男,61,民主進步黨,14,直轄市議員
臺中市第14選舉區,吳振嘉,男,52,中國國民黨,1,直轄市議員
臺中市第14選舉區,賴裕銘,男,56,無,2,直轄市議員
臺中市第14選舉區,蔡成圭,男,62,民主進步黨,3,直轄市議員
臺中市第14選舉區,徐煊博,男,32,台灣基進,4,直轄市議員
臺中市第14選舉區,冉齡軒,女,56,無,5,直轄市議員
臺中市第15選舉區,江愛珍,女,45,民主進步黨,1,直轄市議員
臺中市第15選舉區,林清發,男,64,無,2,直轄市議員
臺中市第15選舉區,洪志明,男,44,台灣民眾黨,3,直轄市議員
臺中市第15選舉區,黃仁,男,60,中國國民黨,4,直轄市議員
臺中市第15選舉區,吳建德,男,26,無,5,直轄市議員
臺中市第16選舉區,劉新仁,男,58,民主進步黨,1,直轄市議員
臺中市第16選舉區,古秀英,女,60,無,2,直轄市議員
臺中市第16選舉區,林榮進,男,75,中國國民黨,3,直轄市議員
臺中市第17選舉區,孫造雄,男,57,民主進步黨,1,直轄市議員
臺中市第17選舉區,朱元宏,男,61,無,2,直轄市議員
臺中市第17選舉區,柯靜志,男,45,無,3,直轄市議員
臺南市第1選舉區,蔡育輝,男,63,中國國民黨,1,直轄市議員
臺南市第1選舉區,沈家鳳,女,42,民主進步黨,2,直轄市議員
臺南市第1選舉區,廖志峯,男,65,無,3,直轄市議員
臺南市第1選舉區,趙昆原,男,66,無,4,直轄市議員
臺南市第1選舉區,劉米山,男,57,民主進步黨,5,直轄市議員
臺南市第1選舉區,姚正玉,女,56,中國國民黨,6,直轄市議員
臺南市第1選舉區,張世賢,男,69,中國國民黨,7,直轄市議員
臺南市第1選舉區,王宣貿,男,32,民主進步黨,8,直轄市議員
臺南市第1選舉區,李宗翰,男,30,民主進步黨,9,直轄市議員
臺南市第2選舉區,蔡秋蘭,女,64,民主進步黨,1,直轄市議員
臺南市第2選舉區,蔡蘇秋金,女,61,民主進步黨,2,直轄市議員
臺南市第2選舉區,謝舒凡,女,35,民主進步黨,3,直轄市議員
臺南市第2選舉區,陳昆和,男,61,無,4,直轄市議員
臺南市第2選舉區,黄建昌,男,30,台灣基進,5,直轄市議員
臺南市第2選舉區,蔣琦君,女,52,無,6,直轄市議員
臺南市第2選舉區,方一峰,男,58,中國國民黨,7,直轄市議員
臺南市第3選舉區,陳秋宏,男,51,民主進步黨,1,直轄市議員
臺南市第3選舉區,陳沛然,男,67,無,2,直轄市議員
臺南市第3選舉區,尤榮智,男,70,中國國民黨,3,直轄市議員
臺南市第3選舉區,姜雨良,男,46,無,4,直轄市議員
臺南市第3選舉區,郭秀珠,女,63,無黨團結聯盟,5,直轄市議員
臺南市第3選舉區,吳通龍,男,66,民主進步黨,6,直轄市議員
臺南市第4選舉區,周奕齊,男,34,無,1,直轄市議員
臺南市第4選舉區,陳福慶,男,70,民主進步黨,2,直轄市議員
臺南市第5選舉區,廖俊道,男,49,無,1,直轄市議員
臺南市第5選舉區,李文俊,男,63,中國國民黨,2,直轄市議員
臺南市第5選舉區,李偉智,男,52,民主進步黨,3,直轄市議員
臺南市第5選舉區,洪岳銘,男,30,台灣民眾黨,4,直轄市議員
臺南市第5選舉區,陳碧玉,女,61,民主進步黨,5,直轄市議員
臺南市第5選舉區,林全忠,男,68,中國國民黨,6,直轄市議員
臺南市第5選舉區,余柷青,女,41,民主進步黨,7,直轄市議員
臺南市第5選舉區,王清崎,男,62,無,8,直轄市議員
臺南市第5選舉區,林志展,男,57,民主進步黨,9,直轄市議員
臺南市第6選舉區,王明彥,男,43,台灣基進,1,直轄市議員
臺南市第6選舉區,邱昭勝,男,54,無,2,直轄市議員
臺南市第6選舉區,陳建大明,男,54,時代力量,3,直轄市議員
臺南市第6選舉區,郭信良,男,59,無,4,直轄市議員
臺南市第6選舉區,陳進星,男,50,無,5,直轄市議員
臺南市第6選舉區,陳詩薇,女,38,台灣民眾黨,6,直轄市議員
臺南市第6選舉區,郭清華,男,60,民主進步黨,7,直轄市議員
臺南市第6選舉區,林緯,男,30,無,8,直轄市議員
臺南市第6選舉區,黃麗招,女,65,無,9,直轄市議員
臺南市第6選舉區,李中岑,女,37,中國國民黨,10,直轄市議員
臺南市第6選舉區,陳瑜緁,女,40,無,11,直轄市議員
臺南市第6選舉區,蔡麗青,女,45,民主進步黨,12,直轄市議員
臺南市第6選舉區,童小芸,女,51,中國國民黨,13,直轄市議員
臺南市第6選舉區,王錦德,男,65,民主進步黨,14,直轄市議員
臺南市第7選舉區,陳秋萍,女,58,民主進步黨,1,直轄市議員
臺南市第7選舉區,杜雪吟,女,43,小民參政歐巴桑聯盟,2,直轄市議員
臺南市第7選舉區,林燕祝,女,57,中國國民黨,3,直轄市議員
臺南市第7選舉區,吳依潔,女,29,台灣基進,4,直轄市議員
臺南市第7選舉區,楊中成,男,64,台灣團結聯盟,5,直轄市議員
臺南市第7選舉區,陳世霖,男,59,無,6,直轄市議員
臺南市第7選舉區,李鎮國,男,57,中國國民黨,7,直轄市議員
臺南市第7選舉區,許崇洲,男,55,無,8,直轄市議員
臺南市第7選舉區,黄肇輝,男,48,民主進步黨,9,直轄市議員
臺南市第7選舉區,馬杰睿,男,36,無,10,直轄市議員
臺南市第7選舉區,朱正軒,男,33,民主進步黨,11,直轄市議員
臺南市第7選舉區,林冠維,男,35,無黨團結聯盟,12,直轄市議員
臺南市第7選舉區,蔡明峰,男,63,無,13,直轄市議員
臺南市第7選舉區,江品璁,男,36,台灣民眾黨,14,直轄市議員
臺南市第7選舉區,林易瑩,女,30,時代力量,15,直轄市議員
臺南市第8選舉區,邱莉莉,女,60,民主進步黨,1,直轄市議員
臺南市第8選舉區,江明宗,男,41,台灣民眾黨,2,直轄市議員
臺南市第8選舉區,陳怡珍,女,41,民主進步黨,3,直轄市議員
臺南市第8選舉區,蔡宗豪,男,26,中國國民黨,4,直轄市議員
臺南市第8選舉區,高凱旋,男,60,中國國民黨,5,直轄市議員
臺南市第8選舉區,許至椿,男,62,中國國民黨,6,直轄市議員
臺南市第8選舉區,沈震東,男,29,民主進步黨,7,直轄市議員
臺南市第8選舉區,李冠霖,男,25,時代力量,8,直轄市議員
臺南市第8選舉區,李晉豪,男,48,無,9,直轄市議員
臺南市第8選舉區,周嘉韋,男,30,民主進步黨,10,直轄市議員
臺南市第9選舉區,盧崑福,男,57,中國國民黨,1,直轄市議員
臺南市第9選舉區,林美燕,女,63,中國國民黨,2,直轄市議員
臺南市第9選舉區,周麗津,女,44,民主進步黨,3,直轄市議員
臺南市第9選舉區,陳嘉伶,女,30,台灣基進,4,直轄市議員
臺南市第9選舉區,陳冠娟,女,43,小民參政歐巴桑聯盟,5,直轄市議員
臺南市第9選舉區,林依婷,女,27,民主進步黨,6,直轄市議員
臺南市第9選舉區,李伯利,男,42,無,7,直轄市議員
臺南市第9選舉區,李啓維,男,34,民主進步黨,8,直轄市議員
臺南市第9選舉區,莊玉珠,女,62,無,9,直轄市議員
臺南市第9選舉區,呂維胤,男,41,民主進步黨,10,直轄市議員
臺南市第9選舉區,蔡淑惠,女,55,中國國民黨,11,直轄市議員
臺南市第10選舉區,李宗霖,男,35,台灣基進,1,直轄市議員
臺南市第10選舉區,蔡筱薇,女,39,民主進步黨,2,直轄市議員
臺南市第10選舉區,曾培雅,女,63,中國國民黨,3,直轄市議員
臺南市第10選舉區,陳金鐘,男,62,民主進步黨,4,直轄市議員
臺南市第10選舉區,曾之婕,女,43,無,5,直轄市議員
臺南市第10選舉區,蔡宛秦,女,38,台灣民眾黨,6,直轄市議員
臺南市第10選舉區,蔡旺詮,男,54,民主進步黨,7,直轄市議員
臺南市第10選舉區,王家貞,女,65,中國國民黨,8,直轄市議員
臺南市第10選舉區,陳世安,男,52,無,9,直轄市議員
臺南市第10選舉區,邱瓊儀,女,45,小民參政歐巴桑聯盟,10,直轄市議員
臺南市第11選舉區,鄭佳欣,女,43,民主進步黨,1,直轄市議員
臺南市第11選舉區,陳皇宇,男,41,民主進步黨,2,直轄市議員
臺南市第11選舉區,江國銘,男,41,台灣民眾黨,3,直轄市議員
臺南市第11選舉區,許又仁,男,57,無,4,直轄市議員
臺南市第11選舉區,翁語含,女,49,無,5,直轄市議員
臺南市第11選舉區,吳禹寰,男,42,無,6,直轄市議員
臺南市第11選舉區,郭鴻儀,男,55,民主進步黨,7,直轄市議員
臺南市第11選舉區,杜素吟,女,66,無黨團結聯盟,8,直轄市議員
臺南市第12選舉區,李美素,女,53,無,1,直轄市議員
臺南市第12選舉區,穎艾達利 Ingay Tali,男,49,無,2,直轄市議員
臺南市第13選舉區,賴惠美,女,51,無,1,直轄市議員
臺南市第13選舉區,伍宗康,男,44,無,2,直轄市議員
臺南市第13選舉區,施余興望 Tjakumay Tagaw,男,54,無,3,直轄市議員
高雄市第1選舉區,朱信強,男,54,無黨團結聯盟,1,直轄市議員
高雄市第1選舉區,林義迪,男,63,中國國民黨,2,直轄市議員
高雄市第1選舉區,林慧欣,女,37,民主進步黨,3,直轄市議員
高雄市第1選舉區,林富寶,男,67,民主進步黨,4,直轄市議員
高雄市第2選舉區,李亞築,女,35,中國國民黨,1,直轄市議員
高雄市第2選舉區,陳明澤,男,59,民主進步黨,2,直轄市議員
高雄市第2選舉區,鄭東元,男,63,中國國民黨,3,直轄市議員
高雄市第2選舉區,李柏融,男,73,無,4,直轄市議員
高雄市第2選舉區,黃明太,男,60,民主進步黨,5,直轄市議員
高雄市第3選舉區,方信淵,男,57,中國國民黨,1,直轄市議員
高雄市第3選舉區,劉航遠,男,38,台灣基進,2,直轄市議員
高雄市第3選舉區,林志誠,男,41,民主進步黨,3,直轄市議員
高雄市第3選舉區,宋立彬,男,44,中國國民黨,4,直轄市議員
高雄市第3選舉區,黃思學,男,33,時代力量,5,直轄市議員
高雄市第3選舉區,黃秋媖,女,50,民主進步黨,6,直轄市議員
高雄市第3選舉區,陸淑美,女,60,中國國民黨,7,直轄市議員
高雄市第3選舉區,陳慶鴻,男,53,民主進步黨,8,直轄市議員
高雄市第4選舉區,劉文晏,男,46,無,1,直轄市議員
高雄市第4選舉區,李柏毅,男,45,民主進步黨,2,直轄市議員
高雄市第4選舉區,白喬茵,女,35,中國國民黨,3,直轄市議員
高雄市第4選舉區,陳善慧,男,57,無,4,直轄市議員
高雄市第4選舉區,吳佩蓉,女,46,無,5,直轄市議員
高雄市第4選舉區,李眉蓁,女,43,中國國民黨,6,直轄市議員
高雄市第4選舉區,劉宥廷,男,37,無,7,直轄市議員
高雄市第4選舉區,謝天助,男,86,無,8,直轄市議員
高雄市第4選舉區,李雅慧,女,47,民主進步黨,9,直轄市議員
高雄市第4選舉區,李雅芬,女,52,中國國民黨,10,直轄市議員
高雄市第4選舉區,蘇博廷,男,41,無,11,直轄市議員
高雄市第4選舉區,鄭侑青,女,33,時代力量,12,直轄市議員
高雄市第4選舉區,陳麗珍,女,56,中國國民黨,13,直轄市議員
高雄市第4選舉區,柳淑芳,女,62,無,14,直轄市議員
高雄市第4選舉區,莊貽量,男,49,台灣民眾黨,15,直轄市議員
高雄市第4選舉區,黃文志,男,40,民主進步黨,16,直轄市議員
高雄市第4選舉區,黃偵琳,女,48,民主進步黨,17,直轄市議員
高雄市第4選舉區,陳子瑜,男,40,台灣基進,18,直轄市議員
高雄市第4選舉區,陳玫娟,女,60,中國國民黨,19,直轄市議員
高雄市第4選舉區,蘇柏銓,男,36,無,20,直轄市議員
高雄市第5選舉區,黃飛鳳,女,57,民主進步黨,1,直轄市議員
高雄市第5選舉區,吳利成,男,53,中國國民黨,2,直轄市議員
高雄市第5選舉區,謝誌峰,男,34,無,3,直轄市議員
高雄市第5選舉區,張惟晴,女,34,中國國民黨,4,直轄市議員
高雄市第5選舉區,劉佳達,男,42,無,5,直轄市議員
高雄市第5選舉區,江瑞鴻,男,58,民主進步黨,6,直轄市議員
高雄市第5選舉區,張勝富,男,50,民主進步黨,7,直轄市議員
高雄市第5選舉區,陳清茂,男,50,無,8,直轄市議員
高雄市第5選舉區,王齡嬌,女,56,無,9,直轄市議員
高雄市第5選舉區,邱俊憲,男,40,民主進步黨,10,直轄市議員
高雄市第5選舉區,張婷婷,女,40,台灣基進,11,直轄市議員
高雄市第5選舉區,吳彥輝,男,41,無,12,直轄市議員
高雄市第5選舉區,陳惠君,女,54,台灣民眾黨,13,直轄市議員
高雄市第6選舉區,蔡金晏,男,44,中國國民黨,1,直轄市議員
高雄市第6選舉區,陳美雅,女,52,中國國民黨,2,直轄市議員
高雄市第6選舉區,簡煥宗,男,49,民主進步黨,3,直轄市議員
高雄市第6選舉區,李喬如,女,65,民主進步黨,4,直轄市議員
高雄市第6選舉區,劉家榮,男,48,台灣民眾黨,5,直轄市議員
高雄市第7選舉區,李佳玲,女,44,台灣民眾黨,1,直轄市議員
高雄市第7選舉區,陳建良,男,34,無,2,直轄市議員
高雄市第7選舉區,何權峰,男,42,民主進步黨,3,直轄市議員
高雄市第7選舉區,王文心,女,51,無,4,直轄市議員
高雄市第7選舉區,林于凱,男,41,時代力量,5,直轄市議員
高雄市第7選舉區,張博洋,男,31,台灣基進,6,直轄市議員
高雄市第7選舉區,曾俊傑,男,46,中國國民黨,7,直轄市議員
高雄市第7選舉區,鄭孟洳,女,32,民主進步黨,8,直轄市議員
高雄市第7選舉區,林武忠,男,67,民主進步黨,9,直轄市議員
高雄市第7選舉區,童燕珍,女,69,中國國民黨,10,直轄市議員
高雄市第7選舉區,康裕成,女,66,民主進步黨,11,直轄市議員
高雄市第7選舉區,黃柏霖,男,55,中國國民黨,12,直轄市議員
高雄市第7選舉區,黃香菽,女,41,中國國民黨,13,直轄市議員
高雄市第8選舉區,郭建盟,男,52,民主進步黨,1,直轄市議員
高雄市第8選舉區,陳若翠,女,53,中國國民黨,2,直轄市議員
高雄市第8選舉區,許釆蓁,女,37,中國國民黨,3,直轄市議員
高雄市第8選舉區,劉景裕,男,54,無,4,直轄市議員
高雄市第8選舉區,湯詠瑜,女,46,民主進步黨,5,直轄市議員
高雄市第8選舉區,吳益政,男,59,無,6,直轄市議員
高雄市第8選舉區,黃紹庭,男,52,中國國民黨,7,直轄市議員
高雄市第8選舉區,黃文益,男,46,民主進步黨,8,直轄市議員
高雄市第9選舉區,李雨蓁,女,35,台灣基進,1,直轄市議員
高雄市第9選舉區,羅章譽,男,60,無,2,直轄市議員
高雄市第9選舉區,李雅靜,女,45,中國國民黨,3,直轄市議員
高雄市第9選舉區,鍾易仲,男,40,中國國民黨,4,直轄市議員
高雄市第9選舉區,陳妙真,女,33,台灣民眾黨,5,直轄市議員
高雄市第9選舉區,劉德林,男,61,中國國民黨,6,直轄市議員
高雄市第9選舉區,鄭安秝,女,27,中國國民黨,7,直轄市議員
高雄市第9選舉區,黃捷,女,29,無,8,直轄市議員
高雄市第9選舉區,陳慧文,女,48,民主進步黨,9,直轄市議員
高雄市第9選舉區,廖國誌,男,56,無,10,直轄市議員
高雄市第9選舉區,蘇致榮,男,45,民主進步黨,11,直轄市議員
高雄市第9選舉區,林智鴻,男,38,民主進步黨,12,直轄市議員
高雄市第9選舉區,顧崇德,男,27,時代力量,13,直轄市議員
高雄市第9選舉區,徐尚賢,男,32,無,14,直轄市議員
高雄市第9選舉區,張漢忠,男,69,民主進步黨,15,直轄市議員
高雄市第10選舉區,顏坤泉,男,67,左翼聯盟,1,直轄市議員
高雄市第10選舉區,朱挺玗,女,42,無,2,直轄市議員
高雄市第10選舉區,鄭光峰,男,56,民主進步黨,3,直轄市議員
高雄市第10選舉區,黃雍琇,女,48,民主進步黨,4,直轄市議員
高雄市第10選舉區,陳致中,男,43,民主進步黨,5,直轄市議員
高雄市第10選舉區,余宗熹,男,49,無,6,直轄市議員
高雄市第10選舉區,曾麗燕,女,69,中國國民黨,7,直轄市議員
高雄市第10選舉區,于仙玲,女,37,小民參政歐巴桑聯盟,8,直轄市議員
高雄市第10選舉區,黃敬雅,女,34,台灣基進,9,直轄市議員
高雄市第10選舉區,黃彥毓,男,44,民主進步黨,10,直轄市議員
高雄市第10選舉區,吳銘賜,男,57,台灣團結聯盟,11,直轄市議員
高雄市第10選舉區,蔡武宏,男,44,中國國民黨,12,直轄市議員
高雄市第10選舉區,湯茹婷,女,29,時代力量,13,直轄市議員
高雄市第10選舉區,陳麗娜,女,52,中國國民黨,14,直轄市議員
高雄市第10選舉區,陳識明,男,32,中國國民黨,15,直轄市議員
高雄市第10選舉區,李順進,男,64,無黨團結聯盟,16,直轄市議員
高雄市第10選舉區,蔡媽福,男,73,無,17,直轄市議員
高雄市第11選舉區,張雨柔,女,31,時代力量,1,直轄市議員
高雄市第11選舉區,李雨庭,女,49,民主進步黨,2,直轄市議員
高雄市第11選舉區,洪村銘,男,44,民主進步黨,3,直轄市議員
高雄市第11選舉區,邱于軒,女,40,中國國民黨,4,直轄市議員
高雄市第11選舉區,蔡永晶,男,65,無,5,直轄市議員
高雄市第11選舉區,楊佩樺,女,30,台灣基進,6,直轄市議員
高雄市第11選舉區,王耀裕,男,61,中國國民黨,7,直轄市議員
高雄市第11選舉區,黃天煌,男,60,中國國民黨,8,直轄市議員
高雄市第11選舉區,李建輝,男,41,無,9,直轄市議員
高雄市第11選舉區,韓賜村,男,63,民主進步黨,10,直轄市議員
高雄市第12選舉區,王義雄,男,62,中國國民黨,1,直轄市議員
高雄市第12選舉區,巫振興,男,51,民主進步黨,2,直轄市議員
高雄市第12選舉區,余葆祈 Fo tol Ki la,男,46,無,3,直轄市議員
高雄市第13選舉區,葛姵瑩,女,55,無,1,直轄市議員
高雄市第13選舉區,陳幸富,男,50,無,2,直轄市議員
高雄市第14選舉區,高忠德 Takiludun．Anu,男,50,無,1,直轄市議員
高雄市第14選舉區,賴文德,男,57,無,2,直轄市議員
高雄市第14選舉區,林錫閔,男,58,無,3,直轄市議員
高雄市第15選舉區,范織欽 Pasulang．Tomatalate,男,65,無,1,直轄市議員
高雄市第15選舉區,林榮昊,男,39,中國國民黨,2,直轄市議員
新竹縣第1選舉區,林禹佑,男,32,無,1,縣市議員
新竹縣第1選舉區,蔡蕥鍹,女,44,民主進步黨,2,縣市議員
新竹縣第1選舉區,陳冠宇,男,32,綠黨,3,縣市議員
新竹縣第1選舉區,蔡志環,女,63,中國國民黨,4,縣市議員
新竹縣第1選舉區,林增堂,男,59,中國國民黨,5,縣市議員
新竹縣第1選舉區,張珈源,男,46,民主進步黨,6,縣市議員
新竹縣第1選舉區,吳旭智,男,46,中國國民黨,7,縣市議員
新竹縣第1選舉區,王炳漢,男,54,中國國民黨,8,縣市議員
新竹縣第1選舉區,杜文中,男,55,中國國民黨,9,縣市議員
新竹縣第1選舉區,范植華,男,46,無,10,縣市議員
新竹縣第1選舉區,許育綸,男,38,勞動黨,11,縣市議員
新竹縣第1選舉區,林碩彥,男,46,台灣民眾黨,12,縣市議員
新竹縣第1選舉區,歐陽霆,男,31,民主進步黨,13,縣市議員
新竹縣第1選舉區,邱靖雅,女,50,無,14,縣市議員
新竹縣第1選舉區,朱健銘,男,42,無,15,縣市議員
新竹縣第1選舉區,林祺軒,男,39,無,16,縣市議員
新竹縣第1選舉區,陳立基,男,49,台灣民眾黨,17,縣市議員
新竹縣第1選舉區,陳凱榮,男,60,中國國民黨,18,縣市議員
新竹縣第1選舉區,連郁婷,女,35,時代力量,19,縣市議員
新竹縣第1選舉區,陳文得,男,56,無,20,縣市議員
新竹縣第1選舉區,鄭美琴,女,68,無,21,縣市議員
新竹縣第1選舉區,鄭福強,男,53,無,22,縣市議員
新竹縣第2選舉區,范振龍,男,61,中國國民黨,1,縣市議員
新竹縣第2選舉區,萬正英,男,61,中國國民黨,2,縣市議員
新竹縣第2選舉區,吳菊花,女,62,中國國民黨,3,縣市議員
新竹縣第2選舉區,齊占翔,男,54,中國國民黨,4,縣市議員
新竹縣第2選舉區,陳栢誠,男,55,中國國民黨,5,縣市議員
新竹縣第2選舉區,何建樺,男,53,民主進步黨,6,縣市議員
新竹縣第2選舉區,陳德木,男,64,中國國民黨,7,縣市議員
新竹縣第2選舉區,甄克堅,男,52,無,8,縣市議員
新竹縣第2選舉區,羅美文,男,71,勞動黨,9,縣市議員
新竹縣第2選舉區,張燦堂,男,61,無,10,縣市議員
新竹縣第3選舉區,徐勝凌,男,42,台灣民眾黨,1,縣市議員
新竹縣第3選舉區,吳傳地,男,58,民主進步黨,2,縣市議員
新竹縣第3選舉區,何智達,男,68,無,3,縣市議員
新竹縣第3選舉區,張鎮榮,男,70,中國國民黨,4,縣市議員
新竹縣第4選舉區,徐瑜新,男,51,中國國民黨,1,縣市議員
新竹縣第4選舉區,吳發勝,男,64,民主進步黨,2,縣市議員
新竹縣第4選舉區,羅仕琦,男,58,中國國民黨,3,縣市議員
新竹縣第5選舉區,呂宛庭,女,26,無,1,縣市議員
新竹縣第5選舉區,范曰富,男,62,中國國民黨,2,縣市議員
新竹縣第5選舉區,林保祿,男,65,無,3,縣市議員
新竹縣第6選舉區,張良印,男,49,中國國民黨,1,縣市議員
新竹縣第6選舉區,張永奎,男,58,無,2,縣市議員
新竹縣第7選舉區,鄭昱芸,女,44,無,1,縣市議員
新竹縣第7選舉區,劉代洋,男,51,中國國民黨,2,縣市議員
新竹縣第8選舉區,呂幸潤,男,36,無,1,縣市議員
新竹縣第8選舉區,范振東,男,72,無,2,縣市議員
新竹縣第8選舉區,林昭錡,男,62,無,3,縣市議員
新竹縣第8選舉區,上官秋燕,女,65,中國國民黨,4,縣市議員
新竹縣第8選舉區,鄭朝鐘,男,44,無,5,縣市議員
新竹縣第8選舉區,林若宸,女,26,無,6,縣市議員
新竹縣第8選舉區,楊昌德,男,61,民主進步黨,7,縣市議員
新竹縣第8選舉區,陳晏華,女,47,無,8,縣市議員
新竹縣第8選舉區,彭致豪,男,29,時代力量,9,縣市議員
新竹縣第8選舉區,劉興藻,男,48,無,10,縣市議員
新竹縣第8選舉區,余筱菁,女,42,綠黨,11,縣市議員
新竹縣第8選舉區,彭余美玲,女,59,中國國民黨,12,縣市議員
新竹縣第8選舉區,鄭正,男,46,無,13,縣市議員
新竹縣第8選舉區,馮守亮,男,43,中國國民黨,14,縣市議員
新竹縣第8選舉區,范振港,男,71,無,15,縣市議員
新竹縣第8選舉區,黃豪杰,男,52,中國國民黨,16,縣市議員
新竹縣第8選舉區,林子丞,男,39,台灣民眾黨,17,縣市議員
新竹縣第9選舉區,邱坤桶,男,61,中國國民黨,1,縣市議員
新竹縣第10選舉區,王辰翔,男,33,中國國民黨,1,縣市議員
新竹縣第10選舉區,范文鴻,男,47,民主進步黨,2,縣市議員
新竹縣第10選舉區,湯惠鈴,女,57,無,3,縣市議員
新竹縣第11選舉區,法隆伊佑,男,50,民主進步黨,1,縣市議員
新竹縣第11選舉區,林秉君 kaying．kuying．kalang,女,38,中國國民黨,2,縣市議員
新竹縣第12選舉區,林世偉,男,55,無,1,縣市議員
新竹縣第12選舉區,劉建民,男,46,中國國民黨,2,縣市議員
新竹縣第13選舉區,張益生,男,47,中國國民黨,1,縣市議員
新竹縣第13選舉區,張雁萍,女,49,無,2,縣市議員
苗栗縣第1選舉區,禹耀東,男,64,無,1,縣市議員
苗栗縣第1選舉區,曾美露,女,67,中國國民黨,2,縣市議員
苗栗縣第1選舉區,湯維岳,男,74,無,3,縣市議員
苗栗縣第1選舉區,許櫻萍,女,46,民主進步黨,4,縣市議員
苗栗縣第1選舉區,張志宇,男,46,無,5,縣市議員
苗栗縣第1選舉區,孫素娥,女,68,無,6,縣市議員
苗栗縣第1選舉區,林志豪,男,42,時代力量,7,縣市議員
苗栗縣第1選舉區,羅以明,男,57,無,8,縣市議員
苗栗縣第1選舉區,莊智凱,男,26,無,9,縣市議員
苗栗縣第1選舉區,徐筱菁,女,43,民主進步黨,10,縣市議員
苗栗縣第1選舉區,鄭碧玉,女,66,中國國民黨,11,縣市議員
苗栗縣第1選舉區,楊喬安,女,45,台灣民眾黨,12,縣市議員
苗栗縣第1選舉區,余文忠,男,52,無,13,縣市議員
苗栗縣第1選舉區,黃萬盛,男,56,無,14,縣市議員
苗栗縣第1選舉區,謝庚霖,男,62,中國國民黨,15,縣市議員
苗栗縣第1選舉區,楊明燁,男,37,無,16,縣市議員
苗栗縣第2選舉區,黎尚安,女,52,中國國民黨,1,縣市議員
苗栗縣第2選舉區,徐文達,男,64,中國國民黨,2,縣市議員
苗栗縣第2選舉區,吳昌運,男,58,無,3,縣市議員
苗栗縣第2選舉區,黃芳椿,男,67,中國國民黨,4,縣市議員
苗栗縣第2選舉區,羅貴星,男,61,民主進步黨,5,縣市議員
苗栗縣第3選舉區,張顧礫,男,51,無,1,縣市議員
苗栗縣第3選舉區,陳品安,女,38,無,2,縣市議員
苗栗縣第3選舉區,傅郁揚,男,40,台灣民眾黨,3,縣市議員
苗栗縣第3選舉區,徐永煌,男,52,無,4,縣市議員
苗栗縣第3選舉區,劉寶鈴,女,53,無,5,縣市議員
苗栗縣第3選舉區,周玉滿,女,60,無,6,縣市議員
苗栗縣第3選舉區,翁杰,男,32,民主進步黨,7,縣市議員
苗栗縣第3選舉區,孟文源,男,47,無,8,縣市議員
苗栗縣第4選舉區,李文斌,男,49,無,1,縣市議員
苗栗縣第4選舉區,邱毓興,男,37,民主進步黨,2,縣市議員
苗栗縣第4選舉區,謝大山,男,71,無,3,縣市議員
苗栗縣第4選舉區,林寶珠,女,71,無,4,縣市議員
苗栗縣第4選舉區,張佳玲,女,38,無,5,縣市議員
苗栗縣第4選舉區,吳亭亭,女,51,無,6,縣市議員
苗栗縣第4選舉區,徐明傑,男,54,無,7,縣市議員
苗栗縣第4選舉區,陳碧華,女,68,無,8,縣市議員
苗栗縣第4選舉區,蕭國清,男,52,無,9,縣市議員
苗栗縣第4選舉區,廖英利,女,69,無,10,縣市議員
苗栗縣第4選舉區,葉忠倫,男,43,時代力量,11,縣市議員
苗栗縣第4選舉區,鄭秋風,男,64,中國國民黨,12,縣市議員
苗栗縣第4選舉區,謝端容,女,65,台灣民眾黨,13,縣市議員
苗栗縣第4選舉區,廖秀紅,女,67,無,14,縣市議員
苗栗縣第5選舉區,黎光明,男,55,無,1,縣市議員
苗栗縣第5選舉區,吳翌立,女,38,時代力量,2,縣市議員
苗栗縣第5選舉區,曾宛菁,女,37,中華統一促進黨,3,縣市議員
苗栗縣第5選舉區,陳光軒,男,37,民主進步黨,4,縣市議員
苗栗縣第5選舉區,曾玟學,男,35,無,5,縣市議員
苗栗縣第5選舉區,黃聲全,男,70,無,6,縣市議員
苗栗縣第5選舉區,林志學,男,46,台灣民眾黨,7,縣市議員
苗栗縣第5選舉區,張淑芬,女,51,中國國民黨,8,縣市議員
苗栗縣第5選舉區,李貴富,男,52,民主進步黨,9,縣市議員
苗栗縣第5選舉區,温俊勇,男,46,無,10,縣市議員
苗栗縣第5選舉區,黃桂坤,男,59,無,11,縣市議員
苗栗縣第5選舉區,陳永賢,男,66,無,12,縣市議員
苗栗縣第5選舉區,蕭詠萱,女,26,無,13,縣市議員
苗栗縣第5選舉區,饒斯淵,男,47,無,14,縣市議員
苗栗縣第5選舉區,徐沄臻,女,31,無,15,縣市議員
苗栗縣第5選舉區,陳詩弦,男,38,民主進步黨,16,縣市議員
苗栗縣第5選舉區,徐功凡,男,40,無,17,縣市議員
苗栗縣第5選舉區,劉恭銘,男,48,無,18,縣市議員
苗栗縣第5選舉區,鍾維發,男,51,無,19,縣市議員
苗栗縣第5選舉區,李本欽,男,55,無,20,縣市議員
苗栗縣第5選舉區,鄭聚然,男,62,中國國民黨,21,縣市議員
苗栗縣第6選舉區,盛瑛,女,52,無,1,縣市議員
苗栗縣第6選舉區,胡娘妹,女,66,無,2,縣市議員
苗栗縣第6選舉區,楊恭林,男,61,無,3,縣市議員
苗栗縣第6選舉區,陳春暖,女,58,民主進步黨,4,縣市議員
苗栗縣第7選舉區,朱仲一 Kalih·Tahes·Didiyun,男,33,無,1,縣市議員
苗栗縣第7選舉區,楊文昌 Baiho·Watan,男,62,無,2,縣市議員
苗栗縣第8選舉區,劉美蘭 Iwan·Sigiy,女,60,中國國民黨,1,縣市議員
苗栗縣第8選舉區,黃月娥 Yuma’Baysu’,女,65,無,2,縣市議員
彰化縣第1選舉區,李寶銀,女,44,無,1,縣市議員
彰化縣第1選舉區,顧黃水花,女,69,中國國民黨,2,縣市議員
彰化縣第1選舉區,林茂明,男,64,無,3,縣市議員
彰化縣第1選舉區,白玉如,女,54,中國國民黨,4,縣市議員
彰化縣第1選舉區,許原龍,男,60,中國國民黨,5,縣市議員
彰化縣第1選舉區,李成濟,男,53,民主進步黨,6,縣市議員
彰化縣第1選舉區,陳銌銌,女,56,無,7,縣市議員
彰化縣第1選舉區,莊陞漢,男,44,民主進步黨,8,縣市議員
彰化縣第1選舉區,黃柏瑜,男,27,民主進步黨,9,縣市議員
彰化縣第1選舉區,許雅琳,女,30,民主進步黨,10,縣市議員
彰化縣第1選舉區,吳明融,男,35,無,11,縣市議員
彰化縣第1選舉區,辜皇譯,男,44,民主進步黨,12,縣市議員
彰化縣第1選舉區,王孝裕,男,43,台灣民眾黨,13,縣市議員
彰化縣第1選舉區,温芝樺,女,42,中國國民黨,14,縣市議員
彰化縣第1選舉區,黃千宴,女,50,中國國民黨,15,縣市議員
彰化縣第1選舉區,吳韋達,男,38,時代力量,16,縣市議員
彰化縣第1選舉區,宋玅女,女,50,無,17,縣市議員
彰化縣第1選舉區,曾煥程,男,46,台灣維新,18,縣市議員
彰化縣第1選舉區,葉永清,男,54,中國國民黨,19,縣市議員
彰化縣第1選舉區,洪柏葳,男,33,無,20,縣市議員
彰化縣第1選舉區,楊子賢,男,26,民主進步黨,21,縣市議員
彰化縣第1選舉區,韓德生,男,49,中國國民黨,22,縣市議員
彰化縣第1選舉區,蔡坤翰,男,39,無,23,縣市議員
彰化縣第1選舉區,洪信獻,男,44,無,24,縣市議員
彰化縣第2選舉區,楊竣程,男,47,中國國民黨,1,縣市議員
彰化縣第2選舉區,藍駿宇,男,31,民主進步黨,2,縣市議員
彰化縣第2選舉區,楊妙月,女,52,民主進步黨,3,縣市議員
彰化縣第2選舉區,凃淑媚,女,58,中國國民黨,4,縣市議員
彰化縣第2選舉區,施佩妤,女,38,無,5,縣市議員
彰化縣第2選舉區,郭燕陵,女,28,無,6,縣市議員
彰化縣第2選舉區,黃俊源,男,52,中國國民黨,7,縣市議員
彰化縣第2選舉區,鄭敬議,男,48,台灣民眾黨,8,縣市議員
彰化縣第2選舉區,葉國雄,男,56,民主進步黨,9,縣市議員
彰化縣第3選舉區,賴清美,女,61,民主進步黨,1,縣市議員
彰化縣第3選舉區,蕭文雄,男,64,無,2,縣市議員
彰化縣第3選舉區,林宗翰,男,53,無,3,縣市議員
彰化縣第3選舉區,柯振杯,男,62,中國國民黨,4,縣市議員
彰化縣第3選舉區,王國忠,男,60,民主進步黨,5,縣市議員
彰化縣第3選舉區,周君綾,女,41,民主進步黨,6,縣市議員
彰化縣第3選舉區,施嘉華,男,37,中國國民黨,7,縣市議員
彰化縣第3選舉區,林小琪,女,51,中國國民黨,8,縣市議員
彰化縣第4選舉區,林俊毅,男,54,無,1,縣市議員
彰化縣第4選舉區,張雪如,女,56,台灣民眾黨,2,縣市議員
彰化縣第4選舉區,凃俊任,男,44,中國國民黨,3,縣市議員
彰化縣第4選舉區,曹嘉豪,男,41,中國國民黨,4,縣市議員
彰化縣第4選舉區,詹閔雄,男,49,台灣維新,5,縣市議員
彰化縣第4選舉區,張順畝,男,51,無,6,縣市議員
彰化縣第4選舉區,黃正盛,男,44,中國國民黨,7,縣市議員
彰化縣第4選舉區,張欣倩,女,36,民主進步黨,8,縣市議員
彰化縣第4選舉區,張錦昆,男,57,中國國民黨,9,縣市議員
彰化縣第4選舉區,劉惠娟,女,50,中國國民黨,10,縣市議員
彰化縣第4選舉區,鄭宇焱,男,29,時代力量,11,縣市議員
彰化縣第4選舉區,賴澤民,男,38,民主進步黨,12,縣市議員
彰化縣第4選舉區,吳為杰,男,48,民主進步黨,13,縣市議員
彰化縣第4選舉區,詹木根,男,59,無,14,縣市議員
彰化縣第5選舉區,劉珊伶,女,32,民主進步黨,1,縣市議員
彰化縣第5選舉區,陳重嘉,男,41,台灣民眾黨,2,縣市議員
彰化縣第5選舉區,陳清峰,男,54,無,3,縣市議員
彰化縣第5選舉區,陳玉姫,女,59,中國國民黨,4,縣市議員
彰化縣第5選舉區,張春洋,男,62,無,5,縣市議員
彰化縣第5選舉區,洪本成,男,58,中國國民黨,6,縣市議員
彰化縣第5選舉區,歐陽蓁珠,女,67,民主進步黨,7,縣市議員
彰化縣第6選舉區,宋鴻鈞,男,65,無,1,縣市議員
彰化縣第6選舉區,鄭俊雄,男,61,中國國民黨,2,縣市議員
彰化縣第6選舉區,張諄萬,男,61,無,3,縣市議員
彰化縣第6選舉區,劉景滄,男,52,無,4,縣市議員
彰化縣第6選舉區,蕭妤亘,女,37,中國國民黨,5,縣市議員
彰化縣第6選舉區,詹琬惠,女,57,民主進步黨,6,縣市議員
彰化縣第6選舉區,許書維,男,49,民主進步黨,7,縣市議員
彰化縣第7選舉區,李浩誠,男,49,中國國民黨,1,縣市議員
彰化縣第7選舉區,謝典林,男,43,中國國民黨,2,縣市議員
彰化縣第7選舉區,李俊諭,男,64,民主進步黨,3,縣市議員
彰化縣第7選舉區,劉淑芳,女,63,中國國民黨,4,縣市議員
彰化縣第7選舉區,黃盛祿,男,63,無,5,縣市議員
彰化縣第7選舉區,吳錦潭,男,65,無,6,縣市議員
彰化縣第7選舉區,江熊一楓,女,70,民主進步黨,7,縣市議員
彰化縣第7選舉區,陳亞楠,女,59,無,8,縣市議員
彰化縣第8選舉區,謝淑如,女,53,中國國民黨,1,縣市議員
彰化縣第8選舉區,洪子超,男,24,民主進步黨,2,縣市議員
彰化縣第8選舉區,吳淑娟,女,67,無,3,縣市議員
彰化縣第8選舉區,蔡家豪,男,36,無,4,縣市議員
彰化縣第8選舉區,洪騰明,男,47,民主進步黨,5,縣市議員
彰化縣第8選舉區,張國棟,男,64,中國國民黨,6,縣市議員
彰化縣第8選舉區,陳一惇,男,48,中國國民黨,7,縣市議員
彰化縣第9選舉區,陳榮妹,女,59,中國國民黨,1,縣市議員
彰化縣第9選舉區,張新男,男,61,無,2,縣市議員
南投縣第1選舉區,洪明科,男,51,無,1,縣市議員
南投縣第1選舉區,王燕珠,女,60,無,2,縣市議員
南投縣第1選舉區,林憶如,女,46,中國國民黨,3,縣市議員
南投縣第1選舉區,洪浩原,男,37,中國國民黨,4,縣市議員
南投縣第1選舉區,沈夙崢,女,34,民主進步黨,5,縣市議員
南投縣第1選舉區,紀百鍊,男,49,中國國民黨,6,縣市議員
南投縣第1選舉區,邱奇才,男,59,無,7,縣市議員
南投縣第1選舉區,白騏澤,男,41,無,8,縣市議員
南投縣第1選舉區,張雅琪,女,41,無,9,縣市議員
南投縣第1選舉區,林佑虔,男,31,無,10,縣市議員
南投縣第1選舉區,張婉慈,女,25,無,11,縣市議員
南投縣第1選舉區,史雪燕,女,46,中國國民黨,12,縣市議員
南投縣第1選舉區,蔡宗智,男,43,無,13,縣市議員
南投縣第1選舉區,賴世皎,男,56,無,14,縣市議員
南投縣第1選舉區,簡千翔,男,41,台灣民眾黨,15,縣市議員
南投縣第1選舉區,曾琮愷,男,41,民主進步黨,16,縣市議員
南投縣第1選舉區,王鵬霖,男,43,無,17,縣市議員
南投縣第1選舉區,吳棋楠,男,54,民主進步黨,18,縣市議員
南投縣第1選舉區,宋懷琳,女,67,中國國民黨,19,縣市議員
南投縣第1選舉區,張錫淵,男,52,無,20,縣市議員
南投縣第1選舉區,曾振炎,男,61,無,21,縣市議員
南投縣第1選舉區,張秀枝,女,64,無,22,縣市議員
南投縣第1選舉區,林儒暘,男,35,中國國民黨,23,縣市議員
南投縣第1選舉區,史祝賢,男,55,無,24,縣市議員
南投縣第1選舉區,楊玉秀,女,52,民主進步黨,25,縣市議員
南投縣第1選舉區,洪志杰,男,50,無,26,縣市議員
南投縣第2選舉區,廖梓佑,女,64,民主進步黨,1,縣市議員
南投縣第2選舉區,李洲忠,男,60,中國國民黨,2,縣市議員
南投縣第2選舉區,簡賜勝,男,55,無,3,縣市議員
南投縣第2選舉區,莊士傑,男,49,無,4,縣市議員
南投縣第2選舉區,林友友,女,24,無,5,縣市議員
南投縣第2選舉區,唐曉棻,女,54,中國國民黨,6,縣市議員
南投縣第2選舉區,李帛璋,男,50,民主進步黨,7,縣市議員
南投縣第2選舉區,阮惠心,女,37,台灣新住民黨,8,縣市議員
南投縣第2選舉區,蔡銘軒,男,38,民主進步黨,9,縣市議員
南投縣第2選舉區,邱淑君,女,48,無,10,縣市議員
南投縣第2選舉區,簡峻庭,男,69,無,11,縣市議員
南投縣第2選舉區,廖明川,男,56,無,12,縣市議員
南投縣第3選舉區,林良政,男,61,民主進步黨,1,縣市議員
南投縣第3選舉區,陳奎合,男,35,中國國民黨,2,縣市議員
南投縣第3選舉區,黃春麟,男,53,無,3,縣市議員
南投縣第3選舉區,王秋淑,女,49,民主進步黨,4,縣市議員
南投縣第3選舉區,謝明謀,男,72,中國國民黨,5,縣市議員
南投縣第3選舉區,陳淑惠,女,65,中國國民黨,6,縣市議員
南投縣第3選舉區,李天慧,女,63,台灣民眾黨,7,縣市議員
南投縣第4選舉區,李廣演,男,28,無,1,縣市議員
南投縣第4選舉區,黃東灝,男,62,中國國民黨,2,縣市議員
南投縣第4選舉區,蔡孟娥,女,54,無,3,縣市議員
南投縣第4選舉區,吳瑞芳,女,65,無,4,縣市議員
南投縣第4選舉區,游顥,男,39,中國國民黨,5,縣市議員
南投縣第4選舉區,陳玉鈴,女,55,民主進步黨,6,縣市議員
南投縣第4選舉區,何勝豐,男,65,無,7,縣市議員
南投縣第5選舉區,陳淯程,男,66,無,1,縣市議員
南投縣第5選舉區,陳宜君,女,56,民主進步黨,2,縣市議員
南投縣第5選舉區,吳國昌,男,67,無,3,縣市議員
南投縣第5選舉區,戴世詮,男,54,無,4,縣市議員
南投縣第5選舉區,林芳伃,女,60,中國國民黨,5,縣市議員
南投縣第5選舉區,黃世芳,男,46,中國國民黨,6,縣市議員
南投縣第5選舉區,王彩雲,女,60,中國國民黨,7,縣市議員
南投縣第5選舉區,潘一全,男,52,中國國民黨,8,縣市議員
南投縣第5選舉區,葉仁創,男,47,民主進步黨,9,縣市議員
南投縣第5選舉區,蘇昱誠,男,51,民主進步黨,10,縣市議員
南投縣第6選舉區,石慶龍Rungquan．Lhkatafatu,男,67,無,1,縣市議員
南投縣第6選舉區,江秉翰,男,49,民主進步黨,2,縣市議員
南投縣第7選舉區,王榮儀,男,48,無,1,縣市議員
南投縣第7選舉區,全文才Balan．Soqluman,男,59,中國國民黨,2,縣市議員
南投縣第8選舉區,廖崧皓,男,45,中國國民黨,1,縣市議員
南投縣第8選舉區,林婷立Ali．Walis,女,43,中國國民黨,2,縣市議員
雲林縣第1選舉區,王又民,男,48,中國國民黨,1,縣市議員
雲林縣第1選舉區,陳永修,男,40,中國國民黨,2,縣市議員
雲林縣第1選舉區,林靖冠,男,52,台灣民眾黨,3,縣市議員
雲林縣第1選舉區,江文登,男,51,民主進步黨,4,縣市議員
雲林縣第1選舉區,林聖智,男,33,無,5,縣市議員
雲林縣第1選舉區,張光儀,男,33,無,6,縣市議員
雲林縣第1選舉區,林岳璋,男,51,無,7,縣市議員
雲林縣第1選舉區,周秀月,女,66,民主進步黨,8,縣市議員
雲林縣第1選舉區,廖郁賢,女,31,無,9,縣市議員
雲林縣第1選舉區,賴淑娞,女,60,中國國民黨,10,縣市議員
雲林縣第1選舉區,鄭自勤,男,42,無,11,縣市議員
雲林縣第1選舉區,張維崢,男,54,民主進步黨,12,縣市議員
雲林縣第1選舉區,陳芳盈,女,31,無,13,縣市議員
雲林縣第1選舉區,黃勝志,男,41,中國國民黨,14,縣市議員
雲林縣第1選舉區,黃英學,男,56,無,15,縣市議員
雲林縣第1選舉區,呂宜臻,女,32,無,16,縣市議員
雲林縣第1選舉區,鍾明馨,男,56,無,17,縣市議員
雲林縣第1選舉區,曾博鴻,男,42,民主進步黨,18,縣市議員
雲林縣第2選舉區,彭新銘,男,31,無,1,縣市議員
雲林縣第2選舉區,顏忠義,男,50,無,2,縣市議員
雲林縣第2選舉區,陳世彬,男,47,無,3,縣市議員
雲林縣第2選舉區,張庭綺,女,42,民主進步黨,4,縣市議員
雲林縣第2選舉區,吳錦凉,男,64,無,5,縣市議員
雲林縣第2選舉區,蔡東富,男,63,無,6,縣市議員
雲林縣第2選舉區,陳志榮,男,60,無,7,縣市議員
雲林縣第2選舉區,沈銘恭,男,56,無,8,縣市議員
雲林縣第2選舉區,簡慈坊,女,41,無,9,縣市議員
雲林縣第2選舉區,王秋足,女,68,中國國民黨,10,縣市議員
雲林縣第2選舉區,賴明源,男,58,無,11,縣市議員
雲林縣第2選舉區,吳滄得,男,70,民主進步黨,12,縣市議員
雲林縣第3選舉區,陳乙辰,男,35,台灣民眾黨,1,縣市議員
雲林縣第3選舉區,王鈺齊,女,48,台灣團結聯盟,2,縣市議員
雲林縣第3選舉區,蔡秋敏,女,61,民主進步黨,3,縣市議員
雲林縣第3選舉區,林文彬,男,66,民主進步黨,4,縣市議員
雲林縣第3選舉區,蔡明水,男,65,無,5,縣市議員
雲林縣第3選舉區,沈宗隆,男,63,中國國民黨,6,縣市議員
雲林縣第3選舉區,黃美瑤,女,54,無,7,縣市議員
雲林縣第3選舉區,李政峯,男,46,民主進步黨,8,縣市議員
雲林縣第3選舉區,魏順興,男,54,無,9,縣市議員
雲林縣第3選舉區,張維心,男,45,無,10,縣市議員
雲林縣第3選舉區,黃凱,男,48,無,11,縣市議員
雲林縣第3選舉區,陳俊龍,男,53,無,12,縣市議員
雲林縣第3選舉區,林武正,男,50,民主進步黨,13,縣市議員
雲林縣第3選舉區,林明進,男,68,無,14,縣市議員
雲林縣第4選舉區,楊國寬,男,68,無,1,縣市議員
雲林縣第4選舉區,鄭玲惠,女,61,民主進步黨,2,縣市議員
雲林縣第4選舉區,游淑雲,女,46,無,3,縣市議員
雲林縣第4選舉區,洪如萍,女,44,民主進步黨,4,縣市議員
雲林縣第4選舉區,梁銘忠,男,56,無,5,縣市議員
雲林縣第4選舉區,廖偉晴,男,47,中國國民黨,6,縣市議員
雲林縣第4選舉區,李明哲,男,54,中國國民黨,7,縣市議員
雲林縣第5選舉區,陳清圳,男,64,無,1,縣市議員
雲林縣第5選舉區,張揚科,男,50,無,2,縣市議員
雲林縣第5選舉區,蔡永富,男,55,民主進步黨,3,縣市議員
雲林縣第5選舉區,顏嘉葦,女,39,民主進步黨,4,縣市議員
雲林縣第5選舉區,吳蕙蘭,女,55,無,5,縣市議員
雲林縣第5選舉區,丁慶錡,男,47,台灣君民黨,6,縣市議員
雲林縣第5選舉區,林深,男,64,中國國民黨,7,縣市議員
雲林縣第5選舉區,王英文,男,51,無,8,縣市議員
雲林縣第5選舉區,蘇俊豪,男,47,無,9,縣市議員
雲林縣第5選舉區,許留賓,男,59,無,10,縣市議員
雲林縣第5選舉區,蘇國瓏,男,50,無,11,縣市議員
雲林縣第6選舉區,王新堯,男,51,台灣民眾黨,1,縣市議員
雲林縣第6選舉區,林哲凌,男,59,無,2,縣市議員
雲林縣第6選舉區,蕭慧敏,女,62,無,3,縣市議員
雲林縣第6選舉區,蔡咏鍀,男,61,無,4,縣市議員
雲林縣第6選舉區,黃文祥,男,60,無,5,縣市議員
雲林縣第6選舉區,蔡孟真,女,45,民主進步黨,6,縣市議員
雲林縣第6選舉區,蔡岳儒,男,47,民主進步黨,7,縣市議員
嘉義縣第1選舉區,黃榮利,男,67,民主進步黨,1,縣市議員
嘉義縣第1選舉區,楊秀琴,女,58,無,2,縣市議員
嘉義縣第1選舉區,詹琬蓁,女,45,中國國民黨,3,縣市議員
嘉義縣第1選舉區,黃惠汝,女,34,民主進步黨,4,縣市議員
嘉義縣第1選舉區,賴瓊如,女,54,無,5,縣市議員
嘉義縣第1選舉區,王啓澧,男,58,中國國民黨,6,縣市議員
嘉義縣第1選舉區,江佩曄,女,30,民主進步黨,7,縣市議員
嘉義縣第1選舉區,陳主明,男,44,民主進步黨,8,縣市議員
嘉義縣第1選舉區,黃榮俊,男,59,民主進步黨,9,縣市議員
嘉義縣第2選舉區,郭金雀,女,57,無,1,縣市議員
嘉義縣第2選舉區,何文華,男,51,民主進步黨,2,縣市議員
嘉義縣第2選舉區,簡嘉億,男,47,中國國民黨,3,縣市議員
嘉義縣第2選舉區,劉宜奮,男,52,無,4,縣市議員
嘉義縣第2選舉區,陳福成,男,64,無,5,縣市議員
嘉義縣第2選舉區,黃啟豪,男,42,民主進步黨,6,縣市議員
嘉義縣第2選舉區,洪安仁,男,67,無,7,縣市議員
嘉義縣第2選舉區,高子羚,女,39,無,8,縣市議員
嘉義縣第2選舉區,陳文忠,男,58,無,9,縣市議員
嘉義縣第2選舉區,林岱杰,男,32,無,10,縣市議員
嘉義縣第2選舉區,林淑完,女,63,民主進步黨,11,縣市議員
嘉義縣第2選舉區,林秀琴,女,69,民主進步黨,12,縣市議員
嘉義縣第3選舉區,王啟瑞,男,53,無,1,縣市議員
嘉義縣第3選舉區,莊信宗,男,56,民主進步黨,2,縣市議員
嘉義縣第3選舉區,江志明,男,51,民主進步黨,3,縣市議員
嘉義縣第3選舉區,陳信文,男,36,中國國民黨,4,縣市議員
嘉義縣第3選舉區,劉世承,男,42,無,5,縣市議員
嘉義縣第3選舉區,吳思蓉,女,65,中國國民黨,6,縣市議員
嘉義縣第3選舉區,高義清,男,48,無,7,縣市議員
嘉義縣第3選舉區,陳志明,男,57,無,8,縣市議員
嘉義縣第3選舉區,劉雅文,女,41,民主進步黨,9,縣市議員
嘉義縣第4選舉區,蔡政宜,男,49,無,1,縣市議員
嘉義縣第4選舉區,陳崇榮,男,56,無,2,縣市議員
嘉義縣第4選舉區,陳怡岳,男,48,民主進步黨,3,縣市議員
嘉義縣第4選舉區,蔡建漢,男,31,無,4,縣市議員
嘉義縣第4選舉區,姜梅紅,女,71,民主進步黨,5,縣市議員
嘉義縣第4選舉區,黃嫈珺,女,39,民主進步黨,6,縣市議員
嘉義縣第4選舉區,蔡奇璋,男,62,無,7,縣市議員
嘉義縣第4選舉區,郭西川,男,70,無,8,縣市議員
嘉義縣第4選舉區,呂文正,男,52,民主進步黨,9,縣市議員
嘉義縣第4選舉區,李國勝,男,58,中國國民黨,10,縣市議員
嘉義縣第5選舉區,蔡信典,男,69,中國國民黨,1,縣市議員
嘉義縣第5選舉區,翁聰賢,男,51,民主進步黨,2,縣市議員
嘉義縣第5選舉區,黃金茂,男,67,無,3,縣市議員
嘉義縣第5選舉區,陳鳳梅,女,61,民主進步黨,4,縣市議員
嘉義縣第6選舉區,江季珍,女,49,民主進步黨,1,縣市議員
嘉義縣第6選舉區,羅士洋,男,63,民主進步黨,2,縣市議員
嘉義縣第6選舉區,陳柏麟,男,53,民主進步黨,3,縣市議員
嘉義縣第6選舉區,凃文以,男,66,無,4,縣市議員
嘉義縣第6選舉區,邱銀海,男,49,中國國民黨,5,縣市議員
嘉義縣第6選舉區,蔡瀧賢,男,49,民主進步黨,6,縣市議員
嘉義縣第6選舉區,莊竣傑,男,69,無,7,縣市議員
嘉義縣第6選舉區,林嘉欣,男,40,無,8,縣市議員
嘉義縣第6選舉區,張明達,男,62,民主進步黨,9,縣市議員
嘉義縣第6選舉區,詹志暉,男,35,中國國民黨,10,縣市議員
嘉義縣第6選舉區,詹黃素蓮,女,69,中國國民黨,11,縣市議員
嘉義縣第6選舉區,何子凡,男,41,無,12,縣市議員
嘉義縣第7選舉區,武清山,男,60,無,1,縣市議員
屏東縣第1選舉區,鄭清原,男,56,無,1,縣市議員
屏東縣第1選舉區,吳尤敏,女,53,民主進步黨,2,縣市議員
屏東縣第1選舉區,林建志,男,57,無,3,縣市議員
屏東縣第1選舉區,陳韋強,男,36,無,4,縣市議員
屏東縣第1選舉區,梁梅瑛,女,43,無,5,縣市議員
屏東縣第1選舉區,黃明賢,男,39,中國國民黨,6,縣市議員
屏東縣第1選舉區,蔣月惠,女,63,無,7,縣市議員
屏東縣第1選舉區,陳秋豪,男,46,台灣基進,8,縣市議員
屏東縣第1選舉區,蘇資婷,女,46,中國國民黨,9,縣市議員
屏東縣第1選舉區,蔣家煌,男,60,無,10,縣市議員
屏東縣第1選舉區,唐玉琴,女,67,中國國民黨,11,縣市議員
屏東縣第1選舉區,趙文俊,男,35,無,12,縣市議員
屏東縣第1選舉區,曾義雄,男,61,中國國民黨,13,縣市議員
屏東縣第1選舉區,李承育,男,31,時代力量,14,縣市議員
屏東縣第1選舉區,陳揚,男,34,中國國民黨,15,縣市議員
屏東縣第1選舉區,陳炫言,男,44,台灣民眾黨,16,縣市議員
屏東縣第1選舉區,蘇煥鈞,男,35,民主進步黨,17,縣市議員
屏東縣第1選舉區,陳哲蕙,女,38,無,18,縣市議員
屏東縣第1選舉區,方一祥,男,46,民主進步黨,19,縣市議員
屏東縣第1選舉區,方華雄,男,44,中國國民黨,20,縣市議員
屏東縣第1選舉區,梁育慈,女,33,民主進步黨,21,縣市議員
屏東縣第1選舉區,鍾明輝,男,67,民主進步黨,22,縣市議員
屏東縣第1選舉區,張平原,男,57,無,23,縣市議員
屏東縣第1選舉區,李世斌,男,60,民主進步黨,24,縣市議員
屏東縣第1選舉區,林明順,男,68,無,25,縣市議員
屏東縣第2選舉區,蘇孟婕,女,26,無,1,縣市議員
屏東縣第2選舉區,吳亮慶,男,68,民主進步黨,2,縣市議員
屏東縣第2選舉區,鍾詔元,男,48,無,3,縣市議員
屏東縣第2選舉區,王景山,男,59,中國國民黨,4,縣市議員
屏東縣第2選舉區,葉明博,男,66,無,5,縣市議員
屏東縣第2選舉區,張振亮,男,58,民主進步黨,6,縣市議員
屏東縣第2選舉區,何春美,女,68,中國國民黨,7,縣市議員
屏東縣第2選舉區,宋麗華,女,54,中國國民黨,8,縣市議員
屏東縣第2選舉區,柯信行,男,59,無,9,縣市議員
屏東縣第2選舉區,許重慶,男,62,民主進步黨,10,縣市議員
屏東縣第2選舉區,陳明達,男,59,民主進步黨,11,縣市議員
屏東縣第2選舉區,盧文瑞,男,65,無,12,縣市議員
屏東縣第3選舉區,潘連周,男,58,無,1,縣市議員
屏東縣第3選舉區,利八魁,男,71,民主進步黨,2,縣市議員
屏東縣第3選舉區,潘長成,男,57,台灣團結聯盟,3,縣市議員
屏東縣第3選舉區,林志成,男,56,無,4,縣市議員
屏東縣第3選舉區,黃建溢,男,41,民主進步黨,5,縣市議員
屏東縣第3選舉區,徐榮耀,男,70,中國國民黨,6,縣市議員
屏東縣第3選舉區,許馨勻,女,43,中國國民黨,7,縣市議員
屏東縣第3選舉區,陳宗廷,男,35,無,8,縣市議員
屏東縣第3選舉區,蕭禾秦,男,39,無,9,縣市議員
屏東縣第3選舉區,李世淦,男,47,中國國民黨,10,縣市議員
屏東縣第3選舉區,陳志成,男,59,無,11,縣市議員
屏東縣第3選舉區,洪明江,男,66,民主進步黨,12,縣市議員
屏東縣第3選舉區,林郁虹,女,60,無,13,縣市議員
屏東縣第3選舉區,吳慈慧,女,59,中國國民黨,14,縣市議員
屏東縣第3選舉區,潘敏泉,女,58,無,15,縣市議員
屏東縣第3選舉區,曾德正,男,50,無,16,縣市議員
屏東縣第4選舉區,洪志明,男,47,中國國民黨,1,縣市議員
屏東縣第4選舉區,鄭張常敏,女,69,無,2,縣市議員
屏東縣第4選舉區,周典論,男,67,中國國民黨,3,縣市議員
屏東縣第4選舉區,呂少麒,男,32,無,4,縣市議員
屏東縣第4選舉區,林蔡鳯梅,女,63,無,5,縣市議員
屏東縣第4選舉區,方文正,男,60,民主進步黨,6,縣市議員
屏東縣第4選舉區,許展維,男,50,民主進步黨,7,縣市議員
屏東縣第4選舉區,劉孟君,女,47,民主進步黨,8,縣市議員
屏東縣第4選舉區,郭再添,男,49,無,9,縣市議員
屏東縣第4選舉區,林宇澤,男,27,無,10,縣市議員
屏東縣第4選舉區,何輝能,男,73,民主進步黨,11,縣市議員
屏東縣第4選舉區,洪宗麒,男,46,中國國民黨,12,縣市議員
屏東縣第4選舉區,方天仕,男,64,民主進步黨,13,縣市議員
屏東縣第5選舉區,周碧雲,女,50,民主進步黨,1,縣市議員
屏東縣第5選舉區,張榮傑,男,31,無,2,縣市議員
屏東縣第5選舉區,王啟敏,男,67,中國國民黨,3,縣市議員
屏東縣第5選舉區,黃盈裕,男,44,無,4,縣市議員
屏東縣第5選舉區,羅平道,男,55,民主進步黨,5,縣市議員
屏東縣第6選舉區,張榮志,男,63,中國國民黨,1,縣市議員
屏東縣第6選舉區,郭麗玲,女,55,無,2,縣市議員
屏東縣第6選舉區,張怡,女,46,無,3,縣市議員
屏東縣第6選舉區,盧玟欣,女,35,中國國民黨,4,縣市議員
屏東縣第6選舉區,潘芳泉,男,61,民主進步黨,5,縣市議員
屏東縣第6選舉區,李建華,男,48,民主進步黨,6,縣市議員
屏東縣第6選舉區,曾瓊慧,女,55,無,7,縣市議員
屏東縣第7選舉區,王薇茗,女,38,無,1,縣市議員
屏東縣第7選舉區,許允良,男,58,無,2,縣市議員
屏東縣第7選舉區,陳建興,男,48,無,3,縣市議員
屏東縣第8選舉區,潘世杰,男,59,無,1,縣市議員
屏東縣第8選舉區,潘翠雲,女,54,中國國民黨,2,縣市議員
屏東縣第8選舉區,潘坤福,男,65,中國國民黨,3,縣市議員
屏東縣第9選舉區,江金妹,女,59,無,1,縣市議員
屏東縣第9選舉區,張利惠,女,62,中國國民黨,2,縣市議員
屏東縣第10選舉區,高惠芬,女,67,中國國民黨,1,縣市議員
屏東縣第10選舉區,梁明輝,男,66,無,2,縣市議員
屏東縣第10選舉區,陸宥熹,女,40,無,3,縣市議員
屏東縣第11選舉區,何長成,男,59,無,1,縣市議員
屏東縣第12選舉區,許蘭花,女,53,無,1,縣市議員
屏東縣第12選舉區,越秋女,女,50,無,2,縣市議員
屏東縣第12選舉區,羅俊傑,男,51,中國國民黨,3,縣市議員
屏東縣第13選舉區,柯自強 Langalang．Palivulj,男,53,無,1,縣市議員
屏東縣第13選舉區,周陳曉玟,女,35,無,2,縣市議員
屏東縣第14選舉區,李振榮,男,60,無,1,縣市議員
屏東縣第14選舉區,李紀財 Mulaneng Paliuliu,男,66,無,2,縣市議員
屏東縣第15選舉區,林采穎,女,62,無,1,縣市議員
屏東縣第16選舉區,賴天賜,男,63,無,1,縣市議員
屏東縣第16選舉區,杜仁勇,男,70,無,2,縣市議員
屏東縣第16選舉區,柯海燕,男,63,無,3,縣市議員
宜蘭縣第1選舉區,陳漢澤,男,44,台灣基進,1,縣市議員
宜蘭縣第1選舉區,魯秀傑,男,43,無,2,縣市議員
宜蘭縣第1選舉區,張勝德,男,50,中國國民黨,3,縣市議員
宜蘭縣第1選舉區,尤文瀚,男,33,台灣民眾黨,4,縣市議員
宜蘭縣第1選舉區,林麗,女,52,民主進步黨,5,縣市議員
宜蘭縣第1選舉區,林錫明,男,68,無,6,縣市議員
宜蘭縣第1選舉區,吳福田,男,73,民主進步黨,7,縣市議員
宜蘭縣第1選舉區,林正芳,男,59,時代力量,8,縣市議員
宜蘭縣第1選舉區,胡健森,男,51,無,9,縣市議員
宜蘭縣第1選舉區,莊淑如,女,44,中國國民黨,10,縣市議員
宜蘭縣第1選舉區,黃惠慈,女,28,民主進步黨,11,縣市議員
宜蘭縣第1選舉區,楊順木,男,72,正神名黨,12,縣市議員
宜蘭縣第1選舉區,黃定和,男,64,無,13,縣市議員
宜蘭縣第1選舉區,孫博萮,女,44,無,14,縣市議員
宜蘭縣第1選舉區,潘淑芬,女,53,無,15,縣市議員
宜蘭縣第1選舉區,吳長青,男,44,無,16,縣市議員
宜蘭縣第1選舉區,林岳賢,男,48,中國國民黨,17,縣市議員
宜蘭縣第2選舉區,林東成,男,59,無,1,縣市議員
宜蘭縣第2選舉區,簡英俊,男,71,無,2,縣市議員
宜蘭縣第2選舉區,賴良洲,男,59,中國國民黨,3,縣市議員
宜蘭縣第2選舉區,林詩穎,女,40,民主進步黨,4,縣市議員
宜蘭縣第3選舉區,林聰池,男,51,無,1,縣市議員
宜蘭縣第3選舉區,李清林,男,73,中國國民黨,2,縣市議員
宜蘭縣第3選舉區,吳宏謀,男,72,民主進步黨,3,縣市議員
宜蘭縣第4選舉區,陳俊宇,男,47,民主進步黨,1,縣市議員
宜蘭縣第4選舉區,黃浴沂,男,70,中國國民黨,2,縣市議員
宜蘭縣第5選舉區,黃建勇,男,64,中國國民黨,1,縣市議員
宜蘭縣第5選舉區,陳福山,男,65,無,2,縣市議員
宜蘭縣第6選舉區,黃琤婷,女,44,中國國民黨,1,縣市議員
宜蘭縣第6選舉區,謝志得,男,54,台灣民眾黨,2,縣市議員
宜蘭縣第6選舉區,陳漢鍾,男,51,無,3,縣市議員
宜蘭縣第6選舉區,林意評,男,33,台灣基進,4,縣市議員
宜蘭縣第6選舉區,劉添梧,男,74,民主進步黨,5,縣市議員
宜蘭縣第6選舉區,楊坊翔,男,26,時代力量,6,縣市議員
宜蘭縣第6選舉區,呂惠卿,女,52,民主進步黨,7,縣市議員
宜蘭縣第6選舉區,謝家倫,男,37,民主進步黨,8,縣市議員
宜蘭縣第6選舉區,陳鴻禧,男,63,中國國民黨,9,縣市議員
宜蘭縣第7選舉區,沈信雄,男,55,無,1,縣市議員
宜蘭縣第7選舉區,張明華,男,61,民主進步黨,2,縣市議員
宜蘭縣第7選舉區,簡松樹,男,57,民主進步黨,3,縣市議員
宜蘭縣第7選舉區,林義剛,男,69,中國國民黨,4,縣市議員
宜蘭縣第8選舉區,謝燦輝,男,64,民主進步黨,1,縣市議員
宜蘭縣第8選舉區,林佩螢,女,35,民主進步黨,2,縣市議員
宜蘭縣第8選舉區,邱素梅,女,57,無,3,縣市議員
宜蘭縣第8選舉區,張芷珊,女,33,無,4,縣市議員
宜蘭縣第8選舉區,江汶賢,男,57,民主進步黨,5,縣市議員
宜蘭縣第8選舉區,楊弘旻,男,52,中國國民黨,6,縣市議員
宜蘭縣第9選舉區,吳珮菱,女,41,無,1,縣市議員
宜蘭縣第9選舉區,陳文昌,男,69,民主進步黨,2,縣市議員
宜蘭縣第9選舉區,江信賢,男,45,無,3,縣市議員
宜蘭縣第10選舉區,陳金麟,男,68,中國國民黨,1,縣市議員
宜蘭縣第10選舉區,李茂豐,男,65,中國國民黨,2,縣市議員
宜蘭縣第10選舉區,謝正信,男,43,民主進步黨,3,縣市議員
宜蘭縣第10選舉區,陳玉萍,女,47,無,4,縣市議員
宜蘭縣第11選舉區,孫湯玉惠 aly saku,女,55,無,1,縣市議員
宜蘭縣第12選舉區,沈志弘,男,58,中國國民黨,1,縣市議員
宜蘭縣第12選舉區,陳傑麟,男,57,親民黨,2,縣市議員
宜蘭縣第13選舉區,游吉祥,男,59,中國國民黨,1,縣市議員
花蓮縣第1選舉區,張美慧,女,52,民主進步黨,1,縣市議員
花蓮縣第1選舉區,楊華美,女,52,無,2,縣市議員
花蓮縣第1選舉區,傅國淵,男,48,台灣民眾黨,3,縣市議員
花蓮縣第1選舉區,林宗昆,男,39,中國國民黨,4,縣市議員
花蓮縣第1選舉區,洪士閔,男,42,中國國民黨,5,縣市議員
花蓮縣第1選舉區,徐子芳,女,59,中國國民黨,6,縣市議員
花蓮縣第1選舉區,韓林梅,女,57,中國國民黨,7,縣市議員
花蓮縣第1選舉區,魏嘉賢,男,44,無,8,縣市議員
花蓮縣第1選舉區,謝國榮,男,64,中國國民黨,9,縣市議員
花蓮縣第1選舉區,蔡翼鍾,男,34,中國國民黨,10,縣市議員
花蓮縣第1選舉區,吳東昇,男,52,中國國民黨,11,縣市議員
花蓮縣第1選舉區,胡仁順,男,39,民主進步黨,12,縣市議員
花蓮縣第2選舉區,邱光明,男,71,中國國民黨,1,縣市議員
花蓮縣第2選舉區,鄭寶秀,女,68,中國國民黨,2,縣市議員
花蓮縣第2選舉區,陳財能,男,57,民主進步黨,3,縣市議員
花蓮縣第3選舉區,林則葹,女,38,民主進步黨,1,縣市議員
花蓮縣第3選舉區,林品仰,男,40,中國國民黨,2,縣市議員
花蓮縣第3選舉區,徐雪玉,女,61,中國國民黨,3,縣市議員
花蓮縣第3選舉區,吳建志,男,42,中國國民黨,4,縣市議員
花蓮縣第3選舉區,陳慶元,男,31,時代力量,5,縣市議員
花蓮縣第3選舉區,張峻,男,48,無,6,縣市議員
花蓮縣第3選舉區,潘璿安,男,49,台灣民眾黨,7,縣市議員
花蓮縣第3選舉區,王格致,男,31,民主進步黨,8,縣市議員
花蓮縣第3選舉區,蔡文隆,男,53,中國國民黨,9,縣市議員
花蓮縣第3選舉區,王能昌,男,55,無,10,縣市議員
花蓮縣第3選舉區,鄭乾龍,男,58,無,11,縣市議員
花蓮縣第3選舉區,張正治,男,56,中國國民黨,12,縣市議員
花蓮縣第3選舉區,黃馨,女,68,中國國民黨,13,縣市議員
花蓮縣第3選舉區,沈君茹,女,60,無,14,縣市議員
花蓮縣第3選舉區,林源富,男,48,無,15,縣市議員
花蓮縣第4選舉區,陳志明,男,53,無,1,縣市議員
花蓮縣第4選舉區,黃玲蘭,女,59,無,2,縣市議員
花蓮縣第4選舉區,鍾素政,女,61,中國國民黨,3,縣市議員
花蓮縣第4選舉區,詹金富,男,61,中國國民黨,4,縣市議員
花蓮縣第4選舉區,陳飛廷,男,40,民主進步黨,5,縣市議員
花蓮縣第5選舉區,笛布斯．顗賚,女,50,無,1,縣市議員
花蓮縣第5選舉區,葉志豪,男,41,無,2,縣市議員
花蓮縣第5選舉區,督固．撒耘,男,57,中國國民黨,3,縣市議員
花蓮縣第5選舉區,周駿宥,男,40,中國國民黨,4,縣市議員
花蓮縣第5選舉區,李正文,男,57,無,5,縣市議員
花蓮縣第5選舉區,陳進德,男,56,中國國民黨,6,縣市議員
花蓮縣第5選舉區,林資斌,男,34,民主進步黨,7,縣市議員
花蓮縣第6選舉區,何進雄 Kin Cian．Ri Pun,男,53,中國國民黨,1,縣市議員
花蓮縣第6選舉區,林正福,男,57,中國國民黨,2,縣市議員
花蓮縣第6選舉區,賴國祥 O‧Seng‧Ka'ti,男,51,無,3,縣市議員
花蓮縣第6選舉區,蔡依靜 Lamen．Panay,女,39,無,4,縣市議員
花蓮縣第7選舉區,林玉芬,女,56,中國國民黨,1,縣市議員
花蓮縣第7選舉區,陳德仁,男,51,無,2,縣市議員
花蓮縣第7選舉區,陳建忠,男,63,中國國民黨,3,縣市議員
花蓮縣第7選舉區,葉微琪,女,52,無,4,縣市議員
花蓮縣第7選舉區,哈尼．噶照 Hani Kacaw,男,42,無,5,縣市議員
花蓮縣第8選舉區,連一龍,男,48,無,1,縣市議員
花蓮縣第8選舉區,田韻馨,女,46,無,2,縣市議員
花蓮縣第8選舉區,程美蓮,女,54,中國國民黨,3,縣市議員
花蓮縣第9選舉區,吳香蘭 Hisa‧Sakay,女,73,中國國民黨,1,縣市議員
花蓮縣第9選舉區,簡智隆,男,45,無,2,縣市議員
花蓮縣第10選舉區,高小成 Haisul．Tanapima,男,59,中國國民黨,1,縣市議員
花蓮縣第10選舉區,金淑敏,女,58,中國國民黨,2,縣市議員
臺東縣第1選舉區,周達三,男,56,中國國民黨,1,縣市議員
臺東縣第1選舉區,林冠任,男,46,台灣民眾黨,2,縣市議員
臺東縣第1選舉區,陳志峰,男,57,中國國民黨,3,縣市議員
臺東縣第1選舉區,林參天,男,64,無,4,縣市議員
臺東縣第1選舉區,吳秀華,女,49,中國國民黨,5,縣市議員
臺東縣第1選舉區,蔣明道,男,60,無,6,縣市議員
臺東縣第1選舉區,陳允萍,男,53,無,7,縣市議員
臺東縣第1選舉區,宋良安,男,58,無,8,縣市議員
臺東縣第1選舉區,黃治維,男,40,民主進步黨,9,縣市議員
臺東縣第1選舉區,吳景槐,男,60,無,10,縣市議員
臺東縣第1選舉區,余振維,男,43,民主進步黨,11,縣市議員
臺東縣第1選舉區,傅文鵬,男,53,中國國民黨,12,縣市議員
臺東縣第1選舉區,張躍贏,男,65,無,13,縣市議員
臺東縣第1選舉區,李建智,男,63,中國國民黨,14,縣市議員
臺東縣第1選舉區,林文隆,男,59,民主進步黨,15,縣市議員
臺東縣第1選舉區,王文怡,女,45,無,16,縣市議員
臺東縣第1選舉區,劉秋美,女,61,無,17,縣市議員
臺東縣第1選舉區,簡維國,男,49,民主進步黨,18,縣市議員
臺東縣第1選舉區,張國洲,男,65,中國國民黨,19,縣市議員
臺東縣第2選舉區,楊招信,男,68,中國國民黨,1,縣市議員
臺東縣第2選舉區,許文獻,男,57,民主進步黨,2,縣市議員
臺東縣第3選舉區,林東滿,男,73,中國國民黨,1,縣市議員
臺東縣第3選舉區,許進榮,男,56,無,2,縣市議員
臺東縣第4選舉區,戴文達,男,59,中國國民黨,1,縣市議員
臺東縣第4選舉區,潘貴蘭,女,42,無,2,縣市議員
臺東縣第4選舉區,陳宏宗,男,64,無,3,縣市議員
臺東縣第4選舉區,王瀚駿,男,55,台灣維新,4,縣市議員
臺東縣第4選舉區,張堯城,男,55,無,5,縣市議員
臺東縣第4選舉區,林金樺,男,52,民主進步黨,6,縣市議員
臺東縣第5選舉區,翁麗吟,女,65,中國國民黨,1,縣市議員
臺東縣第5選舉區,林曉彤,女,26,無,2,縣市議員
臺東縣第6選舉區,林誌鴻,男,46,無,1,縣市議員
臺東縣第6選舉區,王姷力,女,53,無,2,縣市議員
臺東縣第6選舉區,林為德,男,56,無,3,縣市議員
臺東縣第6選舉區,李數奼,女,67,中國國民黨,4,縣市議員
臺東縣第7選舉區,陽昇宏,男,56,中國國民黨,1,縣市議員
臺東縣第7選舉區,張信一,男,55,無,2,縣市議員
臺東縣第7選舉區,林秀信,男,76,無,3,縣市議員
臺東縣第7選舉區,方賢仁,男,66,中國國民黨,4,縣市議員
臺東縣第7選舉區,陳政宗,男,49,無,5,縣市議員
臺東縣第7選舉區,林琮翰,男,53,中國國民黨,6,縣市議員
臺東縣第8選舉區,鄭崗山,男,52,中國國民黨,1,縣市議員
臺東縣第8選舉區,江堅壽,男,63,無,2,縣市議員
臺東縣第9選舉區,尤忠正,男,66,中國國民黨,1,縣市議員
臺東縣第10選舉區,"楊清順
Cinsun Pawtawan",男,53,中國國民黨,1,縣市議員
臺東縣第11選舉區,"嚴惠美
Simoy．Sapod",女,57,無,1,縣市議員
臺東縣第11選舉區,楊秋珍,女,59,中國國民黨,2,縣市議員
臺東縣第11選舉區,高美珠,女,52,中國國民黨,3,縣市議員
臺東縣第11選舉區,武雪恩,女,54,無,4,縣市議員
臺東縣第12選舉區,古志成,男,51,中國國民黨,1,縣市議員
臺東縣第13選舉區,張全馨嵐,女,37,中國國民黨,1,縣市議員
臺東縣第13選舉區,江金香,女,53,無,2,縣市議員
臺東縣第13選舉區,余秀芳,女,55,無,3,縣市議員
臺東縣第14選舉區,"章正輝
Lemaljiz．Kusaza",男,59,中國國民黨,1,縣市議員
臺東縣第14選舉區,林本森,男,49,無,2,縣市議員
臺東縣第15選舉區,林芳如,女,38,無,1,縣市議員
臺東縣第15選舉區,葉巴格力亞斯振宇,男,57,無,2,縣市議員
臺東縣第15選舉區,蔡玉玲,女,53,中國國民黨,3,縣市議員
臺東縣第16選舉區,黃碧妹,女,60,無,1,縣市議員
臺東縣第16選舉區,黃天德,男,56,無,2,縣市議員
臺東縣第16選舉區,施森茂,男,60,無,3,縣市議員
澎湖縣第1選舉區,許智富,男,43,台灣民眾黨,1,縣市議員
澎湖縣第1選舉區,陳海山,男,72,無,2,縣市議員
澎湖縣第1選舉區,陳毓仁,男,33,無,3,縣市議員
澎湖縣第1選舉區,呂光宇,男,71,中國國民黨,4,縣市議員
澎湖縣第1選舉區,林建勳,男,35,中國國民黨,5,縣市議員
澎湖縣第1選舉區,呂黃春金,女,62,民主進步黨,6,縣市議員
澎湖縣第1選舉區,陳文謙,男,44,無,7,縣市議員
澎湖縣第1選舉區,藍凱元,男,46,無,8,縣市議員
澎湖縣第1選舉區,張再興,男,70,無,9,縣市議員
澎湖縣第1選舉區,歐中,男,64,中國國民黨,10,縣市議員
澎湖縣第1選舉區,胡松榮,男,76,無黨團結聯盟,11,縣市議員
澎湖縣第1選舉區,劉陳昭玲,女,66,中國國民黨,12,縣市議員
澎湖縣第1選舉區,蘇育德,男,36,民主進步黨,13,縣市議員
澎湖縣第1選舉區,盧長在,男,59,民主進步黨,14,縣市議員
澎湖縣第1選舉區,歐修智,男,58,無,15,縣市議員
澎湖縣第1選舉區,莊光大,男,54,無,16,縣市議員
澎湖縣第1選舉區,蘇陳綉色,女,65,無,17,縣市議員
澎湖縣第1選舉區,許國政,男,57,中國國民黨,18,縣市議員
澎湖縣第2選舉區,許育愷,男,57,無,1,縣市議員
澎湖縣第2選舉區,蔡清續,男,65,民主進步黨,2,縣市議員
澎湖縣第2選舉區,吳政杰,男,55,中國國民黨,3,縣市議員
澎湖縣第2選舉區,廖璟華,女,55,無,4,縣市議員
澎湖縣第3選舉區,魏睿宏,男,43,無,1,縣市議員
澎湖縣第3選舉區,宋昀芝,女,36,無,2,縣市議員
澎湖縣第4選舉區,薛雲鴻,男,60,無,1,縣市議員
澎湖縣第4選舉區,許月里,女,69,無,2,縣市議員
澎湖縣第5選舉區,陳佩真,女,39,無,1,縣市議員
澎湖縣第6選舉區,夏晨榮,男,62,無,1,縣市議員
澎湖縣第6選舉區,張仁和,男,58,無,2,縣市議員
金門縣第1選舉區,歐陽儀雄,男,49,中國國民黨,1,縣市議員
金門縣第1選舉區,石永城,男,49,無,2,縣市議員
金門縣第1選舉區,許玉昭,女,57,中國國民黨,3,縣市議員
金門縣第1選舉區,楊霈璿,男,28,無,4,縣市議員
金門縣第1選舉區,蔡其雍,男,51,民主進步黨,5,縣市議員
金門縣第1選舉區,周曉芸,女,46,台灣民眾黨,6,縣市議員
金門縣第1選舉區,楊永立,男,63,無,7,縣市議員
金門縣第1選舉區,陳泱瑚,男,48,無,8,縣市議員
金門縣第1選舉區,洪允典,男,70,中國國民黨,9,縣市議員
金門縣第1選舉區,李養生,男,70,無,10,縣市議員
金門縣第1選舉區,唐麗輝,女,65,無,11,縣市議員
金門縣第1選舉區,王碧珍,女,63,無,12,縣市議員
金門縣第1選舉區,許大鴻,男,25,無,13,縣市議員
金門縣第1選舉區,翁文奧,男,53,無,14,縣市議員
金門縣第1選舉區,董森堡,男,44,無,15,縣市議員
金門縣第1選舉區,胡凱宇,男,36,無,16,縣市議員
金門縣第2選舉區,陳錦偉,男,48,無,1,縣市議員
金門縣第2選舉區,黃子誠,男,27,無,2,縣市議員
金門縣第2選舉區,吳金鏷,男,56,無,3,縣市議員
金門縣第2選舉區,歐陽豪,男,42,無,4,縣市議員
金門縣第2選舉區,王國代,男,52,中國國民黨,5,縣市議員
金門縣第2選舉區,馬自壯,男,46,中國國民黨,6,縣市議員
金門縣第2選舉區,楊育菡,女,29,無,7,縣市議員
金門縣第2選舉區,周子傑,男,49,中國國民黨,8,縣市議員
金門縣第2選舉區,王秀玉,女,54,中國國民黨,9,縣市議員
金門縣第2選舉區,蔡水游,男,65,無,10,縣市議員
金門縣第2選舉區,林長鴻,男,55,中國國民黨,11,縣市議員
金門縣第2選舉區,吳佩雯,女,40,無,12,縣市議員
金門縣第2選舉區,張雲量,男,50,無,13,縣市議員
金門縣第3選舉區,洪成發,男,70,中國國民黨,1,縣市議員
金門縣第3選舉區,吳嘉將,男,60,無,2,縣市議員
金門縣第3選舉區,洪鴻斌,男,53,無,3,縣市議員
連江縣第1選舉區,曹爾章,男,52,無,1,縣市議員
連江縣第1選舉區,曹丞君,女,46,中國國民黨,2,縣市議員
連江縣第1選舉區,劉浩晨,男,31,民主進步黨,3,縣市議員
連江縣第1選舉區,陳書建,男,65,中國國民黨,4,縣市議員
連江縣第1選舉區,曹以標,男,59,無,5,縣市議員
連江縣第1選舉區,林惠萍,女,49,無,6,縣市議員
連江縣第1選舉區,林明揚,男,59,中國國民黨,7,縣市議員
連江縣第1選舉區,楊清宇,男,48,中國國民黨,8,縣市議員
連江縣第2選舉區,周瑞國,男,53,中國國民黨,1,縣市議員
連江縣第2選舉區,陳如嵐,男,52,中國國民黨,2,縣市議員
連江縣第2選舉區,陳玉發,男,62,中國國民黨,3,縣市議員
連江縣第3選舉區,陳善澔,男,52,無,1,縣市議員
連江縣第3選舉區,陳貽斌,男,53,中國國民黨,2,縣市議員
連江縣第4選舉區,馮印才,男,60,無,1,縣市議員
連江縣第4選舉區,張永江,男,62,中國國民黨,2,縣市議員
基隆市第1選舉區,張淵翔,男,45,中國國民黨,1,縣市議員
基隆市第1選舉區,呂美玲,女,58,中國國民黨,2,縣市議員
基隆市第1選舉區,林毓峯,男,44,台灣民眾黨,3,縣市議員
基隆市第1選舉區,藍敏煌,男,55,中國國民黨,4,縣市議員
基隆市第1選舉區,許睿慈,女,36,民主進步黨,5,縣市議員
基隆市第1選舉區,張顥瀚,男,32,民主進步黨,6,縣市議員
基隆市第2選舉區,陳軍佐,男,43,民主進步黨,1,縣市議員
基隆市第2選舉區,江鑒育,男,62,中國國民黨,2,縣市議員
基隆市第2選舉區,李嘉濠,男,35,無,3,縣市議員
基隆市第2選舉區,紀珈,女,30,台灣民眾黨,4,縣市議員
基隆市第2選舉區,韓世昱,男,34,中國國民黨,5,縣市議員
基隆市第2選舉區,陳宜,女,36,民主進步黨,6,縣市議員
基隆市第2選舉區,何淑萍,女,51,中國國民黨,7,縣市議員
基隆市第3選舉區,曾紀嚴,男,46,中國國民黨,1,縣市議員
基隆市第3選舉區,童子瑋,男,36,民主進步黨,2,縣市議員
基隆市第3選舉區,鄭文婷,女,54,民主進步黨,3,縣市議員
基隆市第3選舉區,紀文荃,男,35,中國國民黨,4,縣市議員
基隆市第3選舉區,莊榮欽,男,65,中國國民黨,5,縣市議員
基隆市第3選舉區,李依芩,女,25,台灣民眾黨,6,縣市議員
基隆市第3選舉區,張芳麗,女,70,中國國民黨,7,縣市議員
基隆市第4選舉區,宋瑋莉,女,65,中國國民黨,1,縣市議員
基隆市第4選舉區,張秉鈞,男,41,民主進步黨,2,縣市議員
基隆市第4選舉區,徐佑昇,男,34,台灣民眾黨,3,縣市議員
基隆市第4選舉區,郭美秀,女,58,親民黨,4,縣市議員
基隆市第4選舉區,張哲源,男,38,無,5,縣市議員
基隆市第4選舉區,施偉政,男,41,民主進步黨,6,縣市議員
基隆市第4選舉區,梁堂華,男,53,無,7,縣市議員
基隆市第4選舉區,莊敬聖,男,48,中國國民黨,8,縣市議員
基隆市第5選舉區,洪森永,男,57,民主進步黨,1,縣市議員
基隆市第5選舉區,江欣怡,女,27,時代力量,2,縣市議員
基隆市第5選舉區,秦鉦,男,69,中國國民黨,3,縣市議員
基隆市第5選舉區,莊錦田,男,69,親民黨,4,縣市議員
基隆市第5選舉區,林沛祥,男,45,中國國民黨,5,縣市議員
基隆市第5選舉區,俞叁發,男,57,中國國民黨,6,縣市議員
基隆市第5選舉區,許超勝,男,54,無,7,縣市議員
基隆市第5選舉區,吳驊珈,女,30,民主進步黨,8,縣市議員
基隆市第5選舉區,張之豪,男,41,民主進步黨,9,縣市議員
基隆市第5選舉區,李偉華,男,63,無,10,縣市議員
基隆市第5選舉區,鄭愷玲,女,52,中國國民黨,11,縣市議員
基隆市第5選舉區,黃紀棠,男,34,無,12,縣市議員
基隆市第5選舉區,張銘傑,男,72,無,13,縣市議員
基隆市第5選舉區,劉韋巡,男,38,台灣民眾黨,14,縣市議員
基隆市第5選舉區,黃永翔,男,37,無,15,縣市議員
基隆市第6選舉區,莫璦緁,女,55,無,1,縣市議員
基隆市第6選舉區,陳冠羽,男,29,無,2,縣市議員
基隆市第6選舉區,連恩典,男,64,中國國民黨,3,縣市議員
基隆市第6選舉區,林旻勳,男,32,無,4,縣市議員
基隆市第7選舉區,楊秀玉,女,55,親民黨,1,縣市議員
基隆市第7選舉區,陳愷閎,男,38,時代力量,2,縣市議員
基隆市第7選舉區,曾怡芳,女,34,民主進步黨,3,縣市議員
基隆市第7選舉區,蔡旺璉,男,68,中國國民黨,4,縣市議員
基隆市第7選舉區,張耿輝,男,61,無,5,縣市議員
基隆市第7選舉區,林坤明,男,64,民主進步黨,6,縣市議員
基隆市第8選舉區,拔耐．茹妮老王,女,51,無,1,縣市議員
基隆市第8選舉區,王尚潔,女,34,中國國民黨,2,縣市議員
基隆市第8選舉區,陳明建,男,60,無,3,縣市議員
新竹市第1選舉區,陳清智,男,51,中國國民黨,1,縣市議員
新竹市第1選舉區,陳錫文,男,38,台灣民眾黨,2,縣市議員
新竹市第1選舉區,李國璋,男,52,台灣民眾黨,3,縣市議員
新竹市第1選舉區,陳珍裕,男,43,無,4,縣市議員
新竹市第1選舉區,余邦彥,男,51,無,5,縣市議員
新竹市第1選舉區,周莉柔,女,35,無,6,縣市議員
新竹市第1選舉區,劉崇顯,男,32,綠黨,7,縣市議員
新竹市第1選舉區,段孝芳,女,62,中國國民黨,8,縣市議員
新竹市第1選舉區,宋品瑩,女,31,台灣民眾黨,9,縣市議員
新竹市第1選舉區,張祖琰,女,71,中國國民黨,10,縣市議員
新竹市第1選舉區,何志勇,男,42,中國國民黨,11,縣市議員
新竹市第1選舉區,林志雅,男,60,無,12,縣市議員
新竹市第1選舉區,謝佩妤,女,39,無,13,縣市議員
新竹市第1選舉區,鍾淑英,女,66,中國國民黨,14,縣市議員
新竹市第1選舉區,張文興,男,55,中國國民黨,15,縣市議員
新竹市第1選舉區,劉明鴻,男,46,無,16,縣市議員
新竹市第1選舉區,戴朝琴,男,58,無,17,縣市議員
新竹市第1選舉區,黃耀正,男,54,無,18,縣市議員
新竹市第1選舉區,黃文政,男,52,中國國民黨,19,縣市議員
新竹市第1選舉區,王銘宗,男,65,無,20,縣市議員
新竹市第1選舉區,蔡惠婷,女,40,時代力量,21,縣市議員
新竹市第1選舉區,曾資程,男,56,民主進步黨,22,縣市議員
新竹市第1選舉區,鄭美娟,女,39,民主進步黨,23,縣市議員
新竹市第1選舉區,黃家曄,女,38,無,24,縣市議員
新竹市第1選舉區,劉彥伶,女,34,民主進步黨,25,縣市議員
新竹市第2選舉區,何智昌,男,63,無,1,縣市議員
新竹市第2選舉區,王岢鈺,女,43,小民參政歐巴桑聯盟,2,縣市議員
新竹市第2選舉區,田雅芳,女,37,無,3,縣市議員
新竹市第2選舉區,許修睿,男,56,中國國民黨,4,縣市議員
新竹市第2選舉區,施乃如,女,45,民主進步黨,5,縣市議員
新竹市第2選舉區,徐美惠,女,46,中國國民黨,6,縣市議員
新竹市第2選舉區,黃立達,男,52,無,7,縣市議員
新竹市第2選舉區,何佳樺,女,58,無,8,縣市議員
新竹市第2選舉區,許登淇,男,37,台灣民眾黨,9,縣市議員
新竹市第2選舉區,陳鶴文,男,31,時代力量,10,縣市議員
新竹市第3選舉區,陳建名,男,37,民主進步黨,1,縣市議員
新竹市第3選舉區,施淑婷,女,35,台灣民眾黨,2,縣市議員
新竹市第3選舉區,陳治雄,男,63,中國國民黨,3,縣市議員
新竹市第4選舉區,林彥甫,男,33,時代力量,1,縣市議員
新竹市第4選舉區,孫鍚洲,男,66,無,2,縣市議員
新竹市第4選舉區,蔡文盛,男,46,台灣民眾黨,3,縣市議員
新竹市第4選舉區,顏政德,男,57,無,4,縣市議員
新竹市第4選舉區,劉康彥,男,34,民主進步黨,5,縣市議員
新竹市第4選舉區,黃美慧,女,54,中國國民黨,6,縣市議員
新竹市第4選舉區,彭昆耀,男,71,無,7,縣市議員
新竹市第4選舉區,蕭志潔,女,62,中國國民黨,8,縣市議員
新竹市第4選舉區,黃世禮,男,59,無,9,縣市議員
新竹市第4選舉區,楊玲宜,女,39,民主進步黨,10,縣市議員
新竹市第4選舉區,鄭慶欽,男,57,無,11,縣市議員
新竹市第4選舉區,曾泰程,男,47,無,12,縣市議員
新竹市第4選舉區,陳清全,男,73,無,13,縣市議員
新竹市第4選舉區,吳旭豐,男,36,中國國民黨,14,縣市議員
新竹市第5選舉區,陳慶齡,男,50,中國國民黨,1,縣市議員
新竹市第5選舉區,林盈徹,男,42,民主進步黨,2,縣市議員
新竹市第5選舉區,葉國文,男,50,台灣民眾黨,3,縣市議員
新竹市第5選舉區,廖子齊,女,37,時代力量,4,縣市議員
新竹市第5選舉區,吳國寶,男,52,無,5,縣市議員
新竹市第5選舉區,劉昊禮,男,34,無,6,縣市議員
新竹市第5選舉區,陳啓源,男,56,無,7,縣市議員
新竹市第5選舉區,鄭成光,男,73,無,8,縣市議員
新竹市第5選舉區,曾沛騰,男,48,無,9,縣市議員
新竹市第6選舉區,林慈愛,女,50,中國國民黨,1,縣市議員
嘉義市第1選舉區,林瑞霞,女,68,無,1,縣市議員
嘉義市第1選舉區,蔡永泉,男,70,台灣團結聯盟,2,縣市議員
嘉義市第1選舉區,張榮藏,男,80,無,3,縣市議員
嘉義市第1選舉區,陳家平,男,54,中國國民黨,4,縣市議員
嘉義市第1選舉區,傅大偉,男,59,中國國民黨,5,縣市議員
嘉義市第1選舉區,黃盈智,男,50,民主進步黨,6,縣市議員
嘉義市第1選舉區,郭文居,男,45,無,7,縣市議員
嘉義市第1選舉區,凌子楚,男,57,民主進步黨,8,縣市議員
嘉義市第1選舉區,梁樹綸,男,37,中國國民黨,9,縣市議員
嘉義市第1選舉區,郭定緯,男,29,中國國民黨,10,縣市議員
嘉義市第1選舉區,黃露慧,女,55,民主進步黨,11,縣市議員
嘉義市第1選舉區,林昱孜,女,32,台灣民眾黨,12,縣市議員
嘉義市第1選舉區,張敏琪,女,49,中國國民黨,13,縣市議員
嘉義市第1選舉區,顏色不分藍綠支持性專區顏色田慎節,女,33,無,14,縣市議員
嘉義市第1選舉區,吳家慧,女,51,無,15,縣市議員
嘉義市第1選舉區,翁渙瑤,男,34,台灣基進,16,縣市議員
嘉義市第1選舉區,李奕德,男,39,無,17,縣市議員
嘉義市第1選舉區,戴寧,女,40,無,18,縣市議員
嘉義市第2選舉區,李忠曆,男,57,無,1,縣市議員
嘉義市第2選舉區,黃大祐,男,52,民主進步黨,2,縣市議員
嘉義市第2選舉區,黃敏修,男,55,民主進步黨,3,縣市議員
嘉義市第2選舉區,蘇澤峰,男,38,無,4,縣市議員
嘉義市第2選舉區,許明對,男,50,民主進步黨,5,縣市議員
嘉義市第2選舉區,洪瑋庭,女,35,台灣基進,6,縣市議員
嘉義市第2選舉區,張閔舜,男,34,中國國民黨,7,縣市議員
嘉義市第2選舉區,王浩,男,32,時代力量,8,縣市議員
嘉義市第2選舉區,蘇慶良,男,49,中國國民黨,9,縣市議員
嘉義市第2選舉區,莊豐安,男,57,無,10,縣市議員
嘉義市第2選舉區,林煒軒,男,26,民主進步黨,11,縣市議員
嘉義市第2選舉區,陳品蓁,女,59,民主進步黨,12,縣市議員
嘉義市第2選舉區,張秀華,女,65,中國國民黨,13,縣市議員
嘉義市第2選舉區,孫貫志,男,62,無,14,縣市議員
嘉義市第2選舉區,林雪峰,女,53,中國國民黨,15,縣市議員
嘉義市第2選舉區,陳姿妏,女,60,無,16,縣市議員
嘉義市第2選舉區,李錦洋,男,56,無,17,縣市議員
嘉義市第2選舉區,黃思婷,女,35,無,18,縣市議員
嘉義市第2選舉區,蔡文旭,男,59,民主進步黨,19,縣市議員
嘉義市第2選舉區,鄭光宏,男,43,中國國民黨,20,縣市議員
嘉義市第2選舉區,王冠鈞,男,25,無,21,縣市議員
嘉義市第2選舉區,蔡坤叡,男,36,無,22,縣市議員
